PRAGMA foreign_keys=OFF;
BEGIN TRANSACTION;

CREATE TABLE store (
	id	int,
	city	varchar,
	state	varchar
);

INSERT INTO "store" VALUES(5,'渋谷','東京都渋谷区');
INSERT INTO "store" VALUES(7,'新宿','東京都新宿区');
INSERT INTO "store" VALUES(8,'横浜','神奈川県横浜市西区');
INSERT INTO "store" VALUES(5,'渋谷','東京都渋谷区');
INSERT INTO "store" VALUES(7,'新宿','東京都新宿区');
INSERT INTO "store" VALUES(8,'横浜','神奈川県横浜市西区');

CREATE TABLE dept (
	id	int,
	name	varchar,
	store	int,
	floor	int,
	manager	int
);

INSERT INTO "dept" VALUES(35,'書籍',5,1,55);
INSERT INTO "dept" VALUES(10,'駄菓子屋',5,3,13);
INSERT INTO "dept" VALUES(19,'家具',7,4,26);
INSERT INTO "dept" VALUES(20,'日常雑貨',7,4,118);
INSERT INTO "dept" VALUES(14,'宝飾品',8,1,33);
INSERT INTO "dept" VALUES(43,'子供服',8,2,32);
INSERT INTO "dept" VALUES(65,'紳士カジュアル',7,1,327);
INSERT INTO "dept" VALUES(58,'紳士服',7,2,129);
INSERT INTO "dept" VALUES(60,'スポーツ用品',5,2,462);
INSERT INTO "dept" VALUES(99,'贈答品',5,1,98);
INSERT INTO "dept" VALUES(1,'バーゲンコーナー',5,0,11);
INSERT INTO "dept" VALUES(26,'寝具',7,3,157);
INSERT INTO "dept" VALUES(63,'婦人服',7,3,37);
INSERT INTO "dept" VALUES(49,'おもちゃ',8,2,35);
INSERT INTO "dept" VALUES(70,'婦人服',5,2,1028);
INSERT INTO "dept" VALUES(73,'子供服',5,1,10);
INSERT INTO "dept" VALUES(34,'文房具',5,3,110);
INSERT INTO "dept" VALUES(47,'婦人カジュアル',7,3,1291);
INSERT INTO "dept" VALUES(29,'婦人服',7,3,147);
INSERT INTO "dept" VALUES(74,'子供服',7,2,210);
INSERT INTO "dept" VALUES(36,'書籍',7,5,355);

CREATE TABLE employee (
	id	int,
	name	varchar,
	salary	int,
	manager	int,
	byear	int,
	syear	int
);

INSERT INTO "employee" VALUES(157,'山田 次郎',12000,199,1955,1975);
INSERT INTO "employee" VALUES(1110,'江藤 俊介',6000,33,1967,1988);
INSERT INTO "employee" VALUES(35,'遠藤 ひろ美',5000,32,1967,1989);
INSERT INTO "employee" VALUES(129,'小川 貴史',10000,199,1956,1977);
INSERT INTO "employee" VALUES(13,'鈴木 紀男',9000,199,1948,1973);
INSERT INTO "employee" VALUES(215,'山本 大輔',7000,10,1965,1986);
INSERT INTO "employee" VALUES(55,'茂田 佳子',24000,199,1987,2009);
INSERT INTO "employee" VALUES(26,'山田 英雄',13000,199,1960,1985);
INSERT INTO "employee" VALUES(98,'西崎 比呂氏',9000,199,1960,1984);
INSERT INTO "employee" VALUES(32,'大西 亜矢香',9050,199,1959,1982);
INSERT INTO "employee" VALUES(33,'緒方 信太郎',10100,199,1956,1978);
INSERT INTO "employee" VALUES(199,'河井 実枝',27000,0,1950,1969);
INSERT INTO "employee" VALUES(4901,'重村 健一',8377,32,1971,1990);
INSERT INTO "employee" VALUES(843,'鈴木 啓文',11204,26,1956,1977);
INSERT INTO "employee" VALUES(2398,'角 淳子',7880,26,1960,1980);
INSERT INTO "employee" VALUES(1639,'園田 佳恵',11160,55,1962,1985);
INSERT INTO "employee" VALUES(5119,'野村 俊幸',23261,55,1957,1978);
INSERT INTO "employee" VALUES(37,'長尾 美和子',11985,26,1965,1989);
INSERT INTO "employee" VALUES(5219,'長谷川 一歩',13374,33,1962,1985);
INSERT INTO "employee" VALUES(1523,'早坂 和博',19868,129,1958,1979);
INSERT INTO "employee" VALUES(430,'平河 修',17674,129,1952,1974);
INSERT INTO "employee" VALUES(994,'深沢 豊',15641,129,1959,1985);
INSERT INTO "employee" VALUES(1330,'溝口 知子',8779,13,1967,1986);
INSERT INTO "employee" VALUES(10,'山脇 栄里',15908,199,1950,1970);
INSERT INTO "employee" VALUES(11,'清水 麻里',12067,0,1955,1975);
INSERT INTO "employee" VALUES(118,'浅川 陽子',18000,199,1960,1990);
INSERT INTO "employee" VALUES(327,'瀬戸 健太郎',24000,199,1987,2009);
INSERT INTO "employee" VALUES(462,'上田 達雄',26000,199,1959,1981);
INSERT INTO "employee" VALUES(1028,'大村 貴美子',17000,199,1975,1997);
INSERT INTO "employee" VALUES(110,'永藤 広元',12000,199,1975,1998);
INSERT INTO "employee" VALUES(47,'金子 巧',13000,199,1958,1979);
INSERT INTO "employee" VALUES(1313,'田村 真司',6000,118,1965,1987);
INSERT INTO "employee" VALUES(145,'塚本 真由子',8577,118,1974,1996);
INSERT INTO "employee" VALUES(324,'古川 佑子',20000,327,1963,1985);
INSERT INTO "employee" VALUES(678,'寺島 いずみ',10000,327,1990,2009);
INSERT INTO "employee" VALUES(648,'橋本 香澄',12000,327,1987,2008);
INSERT INTO "employee" VALUES(999,'中野 朱美',11000,327,1988,2007);
INSERT INTO "employee" VALUES(1101,'浜野 加奈子',10500,327,1989,2008);
INSERT INTO "employee" VALUES(5019,'佐野 涼子',10000,327,1990,2011);
INSERT INTO "employee" VALUES(2238,'林 毅',5800,462,1982,2004);
INSERT INTO "employee" VALUES(998,'平石 真理子',8000,462,1985,2005);
INSERT INTO "employee" VALUES(775,'広田 美智子',13000,1028,1965,2001);
INSERT INTO "employee" VALUES(401,'福島 裕次郎',12000,1028,1969,2005);
INSERT INTO "employee" VALUES(97,'山口 淳',7000,110,1990,2011);
INSERT INTO "employee" VALUES(423,'山根 大悟',12000,47,1972,1994);
INSERT INTO "employee" VALUES(147,'会津 雅史',19000,199,1972,1994);
INSERT INTO "employee" VALUES(210,'岩井 直也',17000,199,1960,1983);
INSERT INTO "employee" VALUES(355,'赤城 可菜子',15000,199,1979,2005);
INSERT INTO "employee" VALUES(1323,'東 慶太',8000,147,1984,2002);
INSERT INTO "employee" VALUES(1424,'五十嵐 洋介',7900,147,1982,2000);
INSERT INTO "employee" VALUES(1887,'池田 奈月',9100,147,1983,2005);
INSERT INTO "employee" VALUES(1932,'出雲 利恵',8400,210,1986,2005);
INSERT INTO "employee" VALUES(2091,'越智 美穂',7500,210,1975,1993);
INSERT INTO "employee" VALUES(309,'中山 千夏',8900,210,1983,2003);
INSERT INTO "employee" VALUES(488,'岸本 章子',9100,355,1979,2002);
INSERT INTO "employee" VALUES(1291,'橋爪 芳輝',13000,199,1964,1986);
INSERT INTO "employee" VALUES(1320,'畑 千佐子',8000,1291,1984,2005);
INSERT INTO "employee" VALUES(1392,'林原 祐一郎',9000,1291,1982,2004);

CREATE TABLE item (
	id	int,
	name	varchar,
	dept	int,
	price	int,
	qoh	int,
	supplier	int
);

INSERT INTO "item" VALUES(26,'イヤリング',14,11000,20,199);
INSERT INTO "item" VALUES(118,'バスタオル',26,2500,1000,213);
INSERT INTO "item" VALUES(43,'迷路のおもちゃ',49,3200,200,89);
INSERT INTO "item" VALUES(106,'時計の本',36,198,1500,125);
INSERT INTO "item" VALUES(23,'300g入りのあめ',10,500,100,42);
INSERT INTO "item" VALUES(52,'ジャケット',60,3295,15000,15);
INSERT INTO "item" VALUES(165,'ジーンズ',65,825,4800,33);
INSERT INTO "item" VALUES(258,'シャツ',58,1650,3800,33);
INSERT INTO "item" VALUES(120,'ツインベッド用シーツ',26,4000,750,213);
INSERT INTO "item" VALUES(301,'子供用デニムスーツ',43,5000,500,33);
INSERT INTO "item" VALUES(121,'高級シーツ',26,6000,600,213);
INSERT INTO "item" VALUES(101,'スラックス',63,9800,325,15);
INSERT INTO "item" VALUES(115,'金の指輪',14,40000,10,199);
INSERT INTO "item" VALUES(25,'600g入りあめ',10,800,75,42);
INSERT INTO "item" VALUES(119,'野球ボール',60,500,400,89);
INSERT INTO "item" VALUES(11,'洗剤',1,500,575,213);
INSERT INTO "item" VALUES(19,'ベルボトムジーンズ',43,3000,600,33);
INSERT INTO "item" VALUES(21,'ABCブロック',1,1980,405,125);
INSERT INTO "item" VALUES(107,'FeelBook',35,2000,225,89);
INSERT INTO "item" VALUES(122,'ジャンパー',65,4000,125,15);

CREATE TABLE parts (
	pnum	int,
	pname	varchar,
	color	varchar,
	weight	int,
	qoh	int
);

INSERT INTO "parts" VALUES(1,'CPU','ゴールド/黒',10,1);
INSERT INTO "parts" VALUES(2,'メモリ','グレー',20,32);
INSERT INTO "parts" VALUES(3,'ディスクドライブ','黒',685,2);
INSERT INTO "parts" VALUES(4,'テープドライブ','黒',450,4);
INSERT INTO "parts" VALUES(5,'テープ','グレー',1,250);
INSERT INTO "parts" VALUES(6,'レーザプリンタ','白',578,3);
INSERT INTO "parts" VALUES(7,'プリンタ用紙','白',15,95);
INSERT INTO "parts" VALUES(8,'プリンタ接続用コード','青',19,15);
INSERT INTO "parts" VALUES(13,'テープリーダ','黒',107,0);
INSERT INTO "parts" VALUES(14,'テープパンチャー','黒',147,0);
INSERT INTO "parts" VALUES(9,'プリンタ用トナー','黒',2,350);
INSERT INTO "parts" VALUES(10,'ディスプレイ接続用コード','白',0,143);
INSERT INTO "parts" VALUES(11,'カードリーダ','グレー',327,0);
INSERT INTO "parts" VALUES(12,'カードパンチャー','グレー',427,0);

CREATE TABLE supplier (
	id	int,
	name	varchar,
	city	varchar,
	state	varchar
);

INSERT INTO "supplier" VALUES(199,'田沢宝石','銀座','東京都中央区');
INSERT INTO "supplier" VALUES(213,'遠山リネン','南麻布','東京都港区');
INSERT INTO "supplier" VALUES(33,'リーバンアトラス','神宮前','東京都渋谷区');
INSERT INTO "supplier" VALUES(89,'アポック','浅草','東京都台東区');
INSERT INTO "supplier" VALUES(125,'遠山書籍販売','神保町','東京都千代田区');
INSERT INTO "supplier" VALUES(42,'コンペイ糖','西神田','東京都千代田区');
INSERT INTO "supplier" VALUES(15,'CHAP','銀座','東京都中央区');

CREATE TABLE sale (
	id	int,
	date	varchar,
	store	int,
	dept	int,
	item 	int,
	quantity	int,
	employee	int,
	credit		varchar
);

INSERT INTO "sale" VALUES(100581,'11-01-15',7,26,118,5,157,'00000000');
INSERT INTO "sale" VALUES(100581,'11-01-15',7,26,120,1,157,'00000000');
INSERT INTO "sale" VALUES(100582,'11-01-15',8,14,26,1,1110,'24356540');
INSERT INTO "sale" VALUES(100586,'11-01-16',8,43,127,3,35,'54096831');
INSERT INTO "sale" VALUES(100586,'11-01-16',8,49,106,2,35,'54096831');
INSERT INTO "sale" VALUES(100592,'11-01-17',7,58,258,1,129,'00000000');
INSERT INTO "sale" VALUES(100593,'11-01-18',5,10,23,2,13,'11652133');
INSERT INTO "sale" VALUES(100594,'11-01-18',5,60,52,1,215,'12591815');

CREATE TABLE supply (
	snum	int,
	pnum	int,
	jnum	int,
	shipdate	varchar,
	quantity	int
);

INSERT INTO "supply" VALUES(475,1,1001,'08-12-31',1);
INSERT INTO "supply" VALUES(475,2,1002,'09-05-31',32);
INSERT INTO "supply" VALUES(475,3,1001,'08-12-31',2);
INSERT INTO "supply" VALUES(475,4,1002,'09-05-31',1);
INSERT INTO "supply" VALUES(122,7,1003,'10-02-01',144);
INSERT INTO "supply" VALUES(122,7,1004,'10-02-01',48);
INSERT INTO "supply" VALUES(122,9,1004,'10-02-01',144);
INSERT INTO "supply" VALUES(440,6,1001,'09-10-10',2);
INSERT INTO "supply" VALUES(241,4,1001,'08-12-31',1);
INSERT INTO "supply" VALUES(62,3,1002,'09-06-18',3);
INSERT INTO "supply" VALUES(475,2,1001,'08-12-31',32);
INSERT INTO "supply" VALUES(475,1,1002,'09-07-01',1);
INSERT INTO "supply" VALUES(5,4,1003,'09-11-15',3);
INSERT INTO "supply" VALUES(5,4,1004,'10-01-22',6);
INSERT INTO "supply" VALUES(20,5,1001,'10-01-10',20);
INSERT INTO "supply" VALUES(20,5,1002,'10-01-10',75);
INSERT INTO "supply" VALUES(241,1,1005,'10-06-01',1);
INSERT INTO "supply" VALUES(241,2,1005,'10-06-01',32);
INSERT INTO "supply" VALUES(241,3,1005,'10-06-01',1);
INSERT INTO "supply" VALUES(67,4,1005,'10-07-01',1);
INSERT INTO "supply" VALUES(999,10,1006,'11-01-01',144);
INSERT INTO "supply" VALUES(241,8,1005,'10-07-01',1);
INSERT INTO "supply" VALUES(241,9,1005,'10-07-01',144);

CREATE TABLE stock (
	day varchar,
	code integer,
	name varchar,
	start integer,
	max integer,
	min integer,
	end integer,
	turnover integer
);

INSERT INTO "stock" VALUES('2013/05/21',1301,'極洋',246,249,242,249,918000);
INSERT INTO "stock" VALUES('2013/05/21',1332,'日本水産',231,235,227,232,3023300);
INSERT INTO "stock" VALUES('2013/05/21',1334,'マルハグループ本社',208,211,207,208,3206000);
INSERT INTO "stock" VALUES('2013/05/21',1352,'ホウスイ',140,156,138,156,1317000);
INSERT INTO "stock" VALUES('2013/05/21',1376,'カネコ種苗',1175,1190,1100,1117,112200);
INSERT INTO "stock" VALUES('2013/05/21',1377,'サカタのタネ',1515,1516,1450,1460,454900);
INSERT INTO "stock" VALUES('2013/05/21',1378,'雪国まいたけ',285,285,280,284,75100);
INSERT INTO "stock" VALUES('2013/05/21',1379,'ホクト産業',1964,1969,1943,1951,114800);
INSERT INTO "stock" VALUES('2013/05/21',1380,'秋川牧園',408,410,408,410,2000);
INSERT INTO "stock" VALUES('2013/05/21',1381,'アクシーズ',880,885,870,875,1500);
INSERT INTO "stock" VALUES('2013/05/21',1382,'ホーブ',142800,169800,141000,169800,262);
INSERT INTO "stock" VALUES('2013/05/21',1383,'ベルグアース',2170,2650,2012,2200,324400);
INSERT INTO "stock" VALUES('2013/05/21',1400,'アライヴ　コミュニティ',20700,20700,18990,19600,599);
INSERT INTO "stock" VALUES('2013/05/21',1405,'サーラ住宅',812,812,805,809,4800);
INSERT INTO "stock" VALUES('2013/05/21',1407,'ウエストホールディングス',2665,2740,2465,2634,3168300);
INSERT INTO "stock" VALUES('2013/05/21',1408,'サムシングホールディングス',101000,103000,97000,98500,284);
INSERT INTO "stock" VALUES('2013/05/21',1418,'インターライフホールディングス',235,236,226,232,94000);
INSERT INTO "stock" VALUES('2013/05/21',1491,'中外鉱業',41,42,40,41,924000);
INSERT INTO "stock" VALUES('2013/05/21',1515,'日鉄鉱業',454,459,450,454,245000);
INSERT INTO "stock" VALUES('2013/05/21',1518,'三井松島産業',180,187,178,187,5757000);
INSERT INTO "stock" VALUES('2013/05/21',1605,'国際石油開発帝石ホールディングス',481500,494000,477000,489000,25455);
INSERT INTO "stock" VALUES('2013/05/21',1661,'関東天然瓦斯開発',702,711,691,698,127000);
INSERT INTO "stock" VALUES('2013/05/21',1662,'石油資源開発',4925,4985,4705,4915,1006400);
INSERT INTO "stock" VALUES('2013/05/21',1711,'省電舎',147900,160000,137500,139200,234);
INSERT INTO "stock" VALUES('2013/05/21',1712,'ダイセキ環境ソリューション',182900,182900,177000,180100,106);
INSERT INTO "stock" VALUES('2013/05/21',1716,'第一カッター興業',777,780,777,779,2500);
INSERT INTO "stock" VALUES('2013/05/21',1717,'明豊ファシリティワークス',187,189,183,186,36800);
INSERT INTO "stock" VALUES('2013/05/21',1718,'美樹工業',339,339,330,334,41000);
INSERT INTO "stock" VALUES('2013/05/21',1719,'間組',234,236,233,235,1856900);
INSERT INTO "stock" VALUES('2013/05/21',1720,'東急建設',256,260,253,259,963490);
INSERT INTO "stock" VALUES('2013/05/21',1721,'コムシスホールディングス',1336,1345,1321,1337,589000);
INSERT INTO "stock" VALUES('2013/05/21',1722,'ミサワホームホールディングス',2320,2340,2252,2263,215800);
INSERT INTO "stock" VALUES('2013/05/21',1723,'日本電技',760,760,750,751,5200);
INSERT INTO "stock" VALUES('2013/05/21',1724,'シンクレイヤ',602,609,579,605,12800);
INSERT INTO "stock" VALUES('2013/05/21',1726,'ビーアールホールディングス',238,238,235,236,8000);
INSERT INTO "stock" VALUES('2013/05/21',1728,'ミサワホーム中国',0,0,0,263,0);
INSERT INTO "stock" VALUES('2013/05/21',1730,'麻生フオームクリート',378,379,360,363,20000);
INSERT INTO "stock" VALUES('2013/05/21',1734,'北弘電社',209,209,209,209,2000);
INSERT INTO "stock" VALUES('2013/05/21',1736,'オーテック',684,689,671,689,1300);
INSERT INTO "stock" VALUES('2013/05/21',1737,'三井金属エンジニアリング',580,582,580,582,2000);
INSERT INTO "stock" VALUES('2013/05/21',1739,'SEED',55200,55200,53700,53800,33);
INSERT INTO "stock" VALUES('2013/05/21',1743,'コーアツ工業',0,0,0,219,0);
INSERT INTO "stock" VALUES('2013/05/21',1757,'キーイングホーム',67,67,65,66,487000);
INSERT INTO "stock" VALUES('2013/05/21',1758,'太洋基礎工業',0,0,0,570,0);
INSERT INTO "stock" VALUES('2013/05/21',1762,'高松建設',1626,1635,1596,1596,23800);
INSERT INTO "stock" VALUES('2013/05/21',1764,'工藤建設',176,176,176,176,2000);
INSERT INTO "stock" VALUES('2013/05/21',1766,'東建コーポレーション',5830,5890,5770,5790,40840);
INSERT INTO "stock" VALUES('2013/05/21',1768,'ソネック',262,264,262,264,5000);
INSERT INTO "stock" VALUES('2013/05/21',1770,'藤田エンジニアリング',425,426,401,401,8000);
INSERT INTO "stock" VALUES('2013/05/21',1771,'日本乾溜工業',252,255,245,245,4000);
INSERT INTO "stock" VALUES('2013/05/21',1773,'ＹＴＬ',0,0,0,53,0);
INSERT INTO "stock" VALUES('2013/05/21',1775,'富士電機工事',260,264,259,260,34000);
INSERT INTO "stock" VALUES('2013/05/21',1776,'三井道路',246,246,235,241,46000);
INSERT INTO "stock" VALUES('2013/05/21',1780,'ヤマウラ',296,300,296,296,6500);
INSERT INTO "stock" VALUES('2013/05/21',1782,'常磐開発',254,258,254,258,20000);
INSERT INTO "stock" VALUES('2013/05/21',1783,'南野建設',121,122,111,113,2066200);
INSERT INTO "stock" VALUES('2013/05/21',1787,'ナカボーテック',818,820,801,820,15000);
INSERT INTO "stock" VALUES('2013/05/21',1788,'三東工業社',131,132,131,131,6000);
INSERT INTO "stock" VALUES('2013/05/21',1789,'山加電業',209,210,204,208,4200);
INSERT INTO "stock" VALUES('2013/05/21',1793,'大本組',427,427,425,427,12000);
INSERT INTO "stock" VALUES('2013/05/21',1795,'マサル',304,304,304,304,1000);
INSERT INTO "stock" VALUES('2013/05/21',1798,'守谷商会',182,184,181,184,6000);
INSERT INTO "stock" VALUES('2013/05/21',1799,'第一建設工業',1038,1078,1038,1078,19000);
INSERT INTO "stock" VALUES('2013/05/21',1801,'大成建設',398,398,390,393,8733000);
INSERT INTO "stock" VALUES('2013/05/21',1802,'大林組',606,606,591,596,4922000);
INSERT INTO "stock" VALUES('2013/05/21',1803,'清水建設',422,428,416,419,4691000);
INSERT INTO "stock" VALUES('2013/05/21',1805,'飛島建設',125,126,123,125,1061000);
INSERT INTO "stock" VALUES('2013/05/21',1807,'渡辺組',324,326,316,320,53000);
INSERT INTO "stock" VALUES('2013/05/21',1808,'長谷工コーポレーション',141,142,138,139,24551500);
INSERT INTO "stock" VALUES('2013/05/21',1810,'松井建設',374,374,365,370,36000);
INSERT INTO "stock" VALUES('2013/05/21',1811,'錢高組',151,151,148,150,27000);
INSERT INTO "stock" VALUES('2013/05/21',1812,'鹿島',358,364,353,357,8691000);
INSERT INTO "stock" VALUES('2013/05/21',1813,'不動建設',191,192,187,189,4761300);
INSERT INTO "stock" VALUES('2013/05/21',1814,'大末建設',75,76,74,76,2195000);
INSERT INTO "stock" VALUES('2013/05/21',1815,'鉄建',133,134,132,132,701000);
INSERT INTO "stock" VALUES('2013/05/21',1821,'三井建設',93,95,91,93,38741100);
INSERT INTO "stock" VALUES('2013/05/21',1822,'大豊建設',128,131,127,129,605000);
INSERT INTO "stock" VALUES('2013/05/21',1824,'前田建設工業',501,506,493,499,635000);
INSERT INTO "stock" VALUES('2013/05/21',1826,'佐田建設',89,92,88,89,2003000);
INSERT INTO "stock" VALUES('2013/05/21',1827,'ナカノコーポレーション',252,252,246,248,50000);
INSERT INTO "stock" VALUES('2013/05/21',1828,'田辺工業',694,701,694,694,2700);
INSERT INTO "stock" VALUES('2013/05/21',1832,'北海電気工事',0,0,0,355,0);
INSERT INTO "stock" VALUES('2013/05/21',1833,'奥村組',416,420,412,413,327000);
INSERT INTO "stock" VALUES('2013/05/21',1834,'小田急建設',223,230,219,229,44500);
INSERT INTO "stock" VALUES('2013/05/21',1835,'東鉄工業',1565,1580,1550,1554,183100);
INSERT INTO "stock" VALUES('2013/05/21',1840,'土屋ホーム',386,388,386,387,15600);
INSERT INTO "stock" VALUES('2013/05/21',1841,'サンユー建設',772,772,745,755,23400);
INSERT INTO "stock" VALUES('2013/05/21',1844,'大盛工業',28,29,28,28,1034100);
INSERT INTO "stock" VALUES('2013/05/21',1846,'鈴縫工業',158,160,158,159,18000);
INSERT INTO "stock" VALUES('2013/05/21',1847,'イチケン',189,189,179,184,482000);
INSERT INTO "stock" VALUES('2013/05/21',1848,'富士ピー・エス',203,205,203,203,3000);
INSERT INTO "stock" VALUES('2013/05/21',1850,'南海辰村建設',51,52,50,51,137000);
INSERT INTO "stock" VALUES('2013/05/21',1852,'淺沼組',85,85,84,85,793000);
INSERT INTO "stock" VALUES('2013/05/21',1853,'森組',94,94,91,93,103000);
INSERT INTO "stock" VALUES('2013/05/21',1860,'戸田建設',310,319,310,317,899000);
INSERT INTO "stock" VALUES('2013/05/21',1861,'熊谷組',117,117,115,116,1829000);
INSERT INTO "stock" VALUES('2013/05/21',1865,'小松建設工業',530,531,527,528,37000);
INSERT INTO "stock" VALUES('2013/05/21',1866,'北野建設',220,221,219,221,151000);
INSERT INTO "stock" VALUES('2013/05/21',1867,'植木組',195,195,191,192,43000);
INSERT INTO "stock" VALUES('2013/05/21',1868,'三井ホーム',579,587,572,573,48000);
INSERT INTO "stock" VALUES('2013/05/21',1870,'矢作建設工業',461,461,442,448,34600);
INSERT INTO "stock" VALUES('2013/05/21',1871,'ピー・エス',493,496,479,480,402200);
INSERT INTO "stock" VALUES('2013/05/21',1873,'東日本ハウス',798,806,780,795,118000);
INSERT INTO "stock" VALUES('2013/05/21',1875,'青木マリーン',313,318,312,318,20000);
INSERT INTO "stock" VALUES('2013/05/21',1878,'大東建託',9760,9760,9600,9650,517600);
INSERT INTO "stock" VALUES('2013/05/21',1879,'新日本建設',341,341,323,326,252600);
INSERT INTO "stock" VALUES('2013/05/21',1881,'日本鋪道',1550,1560,1500,1507,507000);
INSERT INTO "stock" VALUES('2013/05/21',1882,'東亜道路工業',488,488,471,479,386000);
INSERT INTO "stock" VALUES('2013/05/21',1883,'前田道路',1526,1541,1502,1506,211000);
INSERT INTO "stock" VALUES('2013/05/21',1884,'日本道路',605,610,594,599,378000);
INSERT INTO "stock" VALUES('2013/05/21',1885,'東亜建設工業',166,169,163,167,1950000);
INSERT INTO "stock" VALUES('2013/05/21',1888,'若築建設',108,109,107,108,1026000);
INSERT INTO "stock" VALUES('2013/05/21',1890,'東洋建設',299,300,294,295,407400);
INSERT INTO "stock" VALUES('2013/05/21',1893,'五洋建設',276,278,268,270,3208500);
INSERT INTO "stock" VALUES('2013/05/21',1896,'大林道路',483,487,470,475,523000);
INSERT INTO "stock" VALUES('2013/05/21',1897,'金下建設',398,407,398,407,23000);
INSERT INTO "stock" VALUES('2013/05/21',1898,'世紀東急工業',89,90,88,88,1895000);
INSERT INTO "stock" VALUES('2013/05/21',1899,'福田組',390,390,375,385,31000);
INSERT INTO "stock" VALUES('2013/05/21',1904,'大成温調',380,380,370,370,12000);
INSERT INTO "stock" VALUES('2013/05/21',1905,'テノックス',392,392,380,380,13000);
INSERT INTO "stock" VALUES('2013/05/21',1906,'細田工務店',201,201,190,193,60800);
INSERT INTO "stock" VALUES('2013/05/21',1911,'住友林業',1326,1328,1298,1309,284800);
INSERT INTO "stock" VALUES('2013/05/21',1914,'日本基礎技術',338,340,329,334,100200);
INSERT INTO "stock" VALUES('2013/05/21',1916,'日成ビルド工業',202,203,197,200,828000);
INSERT INTO "stock" VALUES('2013/05/21',1919,'エス・バイ・エル',204,206,200,201,2872000);
INSERT INTO "stock" VALUES('2013/05/21',1921,'巴コーポレーション',368,369,362,364,56000);
INSERT INTO "stock" VALUES('2013/05/21',1924,'ナショナル住宅産業',739,739,725,726,193000);
INSERT INTO "stock" VALUES('2013/05/21',1925,'大和ハウス工業',2193,2200,2142,2150,2438000);
INSERT INTO "stock" VALUES('2013/05/21',1926,'ライト工業',526,535,517,521,715200);
INSERT INTO "stock" VALUES('2013/05/21',1928,'積水ハウス',1473,1475,1449,1459,3147000);
INSERT INTO "stock" VALUES('2013/05/21',1929,'日特建設',365,366,356,357,490500);
INSERT INTO "stock" VALUES('2013/05/21',1930,'北陸電気工事',392,400,391,392,36000);
INSERT INTO "stock" VALUES('2013/05/21',1931,'日本電通',354,354,354,354,1000);
INSERT INTO "stock" VALUES('2013/05/21',1933,'西日本システム建設',310,310,308,308,10000);
INSERT INTO "stock" VALUES('2013/05/21',1934,'ユアテック',311,335,311,333,217000);
INSERT INTO "stock" VALUES('2013/05/21',1935,'東北通信建設',470,470,466,467,5000);
INSERT INTO "stock" VALUES('2013/05/21',1937,'西部電気工業',440,440,436,438,16000);
INSERT INTO "stock" VALUES('2013/05/21',1938,'千歳電気工業',714,731,714,731,18000);
INSERT INTO "stock" VALUES('2013/05/21',1939,'四電工',342,356,342,352,60000);
INSERT INTO "stock" VALUES('2013/05/21',1941,'中電工',1155,1173,1141,1168,64800);
INSERT INTO "stock" VALUES('2013/05/21',1942,'関電工',466,480,461,464,882000);
INSERT INTO "stock" VALUES('2013/05/21',1944,'きんでん',880,899,858,872,447000);
INSERT INTO "stock" VALUES('2013/05/21',1945,'東京エネシス',470,482,470,478,62000);
INSERT INTO "stock" VALUES('2013/05/21',1946,'トーエネック',475,479,473,476,50000);
INSERT INTO "stock" VALUES('2013/05/21',1948,'弘電社',205,205,202,202,12000);
INSERT INTO "stock" VALUES('2013/05/21',1949,'住友電設',1529,1540,1495,1499,104600);
INSERT INTO "stock" VALUES('2013/05/21',1950,'日本電設工業',1174,1177,1130,1132,93000);
INSERT INTO "stock" VALUES('2013/05/21',1951,'協和エクシオ',1172,1184,1157,1176,688900);
INSERT INTO "stock" VALUES('2013/05/21',1952,'新日本空調',625,630,622,623,17500);
INSERT INTO "stock" VALUES('2013/05/21',1954,'日本工営',385,389,384,387,157000);
INSERT INTO "stock" VALUES('2013/05/21',1956,'日本電話施設',298,298,295,295,59000);
INSERT INTO "stock" VALUES('2013/05/21',1959,'九電工',468,474,465,473,75000);
INSERT INTO "stock" VALUES('2013/05/21',1960,'サンテック',398,418,398,418,49000);
INSERT INTO "stock" VALUES('2013/05/21',1961,'三機工業',666,679,661,677,219000);
INSERT INTO "stock" VALUES('2013/05/21',1963,'日揮',3505,3575,3455,3540,2166000);
INSERT INTO "stock" VALUES('2013/05/21',1964,'中外炉工業',264,273,262,272,271000);
INSERT INTO "stock" VALUES('2013/05/21',1965,'テクノ菱和',445,448,445,445,7300);
INSERT INTO "stock" VALUES('2013/05/21',1966,'高田工業所',297,300,293,295,24000);
INSERT INTO "stock" VALUES('2013/05/21',1967,'ヤマト',375,375,362,363,14000);
INSERT INTO "stock" VALUES('2013/05/21',1968,'太平電業',639,643,620,622,118000);
INSERT INTO "stock" VALUES('2013/05/21',1969,'高砂熱学工業',874,891,868,875,191800);
INSERT INTO "stock" VALUES('2013/05/21',1971,'中央ビルト工業',135,135,127,132,467000);
INSERT INTO "stock" VALUES('2013/05/21',1972,'三晃金属工業',295,319,280,319,9101000);
INSERT INTO "stock" VALUES('2013/05/21',1973,'ＮＥＣシステム建設',2364,2397,2342,2356,209300);
INSERT INTO "stock" VALUES('2013/05/21',1975,'朝日工業社',357,369,356,368,63000);
INSERT INTO "stock" VALUES('2013/05/21',1976,'明星工業',411,418,405,408,326000);
INSERT INTO "stock" VALUES('2013/05/21',1978,'アタカ工業',418,439,418,439,95000);
INSERT INTO "stock" VALUES('2013/05/21',1979,'大氣社',2423,2467,2411,2425,165600);
INSERT INTO "stock" VALUES('2013/05/21',1980,'ダイダン',552,565,552,560,22000);
INSERT INTO "stock" VALUES('2013/05/21',1981,'協和日成',0,0,0,445,0);
INSERT INTO "stock" VALUES('2013/05/21',1982,'日比谷総合設備',992,997,984,992,47000);
INSERT INTO "stock" VALUES('2013/05/21',1983,'東芝プラント建設',1518,1537,1500,1521,250000);
INSERT INTO "stock" VALUES('2013/05/21',1984,'三信建設工業',226,229,222,223,40000);
INSERT INTO "stock" VALUES('2013/05/21',1987,'ソルコム',246,247,244,244,5000);
INSERT INTO "stock" VALUES('2013/05/21',1989,'北陸電話工事',0,0,0,370,0);
INSERT INTO "stock" VALUES('2013/05/21',1992,'神田通信機',142,143,137,143,11000);
INSERT INTO "stock" VALUES('2013/05/21',1994,'高橋カーテンウォール工業',126,126,123,123,7000);
INSERT INTO "stock" VALUES('2013/05/21',1997,'暁飯島工業',118,118,115,117,34000);
INSERT INTO "stock" VALUES('2013/05/21',1999,'才田組',0,0,0,105,0);
INSERT INTO "stock" VALUES('2013/05/21',2001,'日本製粉',490,492,485,490,346000);
INSERT INTO "stock" VALUES('2013/05/21',2002,'日清製粉グループ本社',1332,1352,1323,1336,952000);
INSERT INTO "stock" VALUES('2013/05/21',2003,'日東製粉',318,319,316,319,19000);
INSERT INTO "stock" VALUES('2013/05/21',2004,'昭和産業',322,325,320,323,84000);
INSERT INTO "stock" VALUES('2013/05/21',2006,'東福製粉',98,98,98,98,3000);
INSERT INTO "stock" VALUES('2013/05/21',2008,'増田製粉所',254,254,254,254,1000);
INSERT INTO "stock" VALUES('2013/05/21',2009,'鳥越製粉',648,648,643,643,9400);
INSERT INTO "stock" VALUES('2013/05/21',2052,'協同飼料',125,126,123,124,878000);
INSERT INTO "stock" VALUES('2013/05/21',2053,'中部飼料',561,566,561,562,50600);
INSERT INTO "stock" VALUES('2013/05/21',2055,'日和産業',223,233,223,223,118000);
INSERT INTO "stock" VALUES('2013/05/21',2056,'日本配合飼料',134,138,133,138,1747000);
INSERT INTO "stock" VALUES('2013/05/21',2058,'ヒガシマル',667,667,667,667,100);
INSERT INTO "stock" VALUES('2013/05/21',2107,'東洋精糖',106,108,105,107,227000);
INSERT INTO "stock" VALUES('2013/05/21',2108,'日本甜菜製糖',186,190,186,190,378000);
INSERT INTO "stock" VALUES('2013/05/21',2109,'新三井製糖',314,314,310,311,531000);
INSERT INTO "stock" VALUES('2013/05/21',2112,'塩水港精糖',370,377,355,364,211000);
INSERT INTO "stock" VALUES('2013/05/21',2114,'フジ日本精糖',328,330,327,327,4000);
INSERT INTO "stock" VALUES('2013/05/21',2120,'ネクスト',964,964,910,917,177700);
INSERT INTO "stock" VALUES('2013/05/21',2121,'ミクシィ',1811,1820,1741,1758,166300);
INSERT INTO "stock" VALUES('2013/05/21',2122,'インタースペース',1115,1127,1065,1090,37200);
INSERT INTO "stock" VALUES('2013/05/21',2124,'ジェイエイシージャパン',3525,3525,3305,3475,31800);
INSERT INTO "stock" VALUES('2013/05/21',2127,'日本Ｍ＆Ａセンター',6460,6540,6300,6380,82700);
INSERT INTO "stock" VALUES('2013/05/21',2128,'ノバレーゼ',71300,71900,70500,70600,443);
INSERT INTO "stock" VALUES('2013/05/21',2131,'アコーディア・ゴルフ',116800,117100,114100,115900,10503);
INSERT INTO "stock" VALUES('2013/05/21',2132,'アイレップ',1229,1229,1102,1103,24000);
INSERT INTO "stock" VALUES('2013/05/21',2134,'燦キャピタルマネージメント',13600,14200,13250,13600,641);
INSERT INTO "stock" VALUES('2013/05/21',2136,'ヒップ',413,419,410,418,2800);
INSERT INTO "stock" VALUES('2013/05/21',2138,'ウェブドゥジャパン',461000,465000,394500,396500,19652);
INSERT INTO "stock" VALUES('2013/05/21',2144,'やまねメディカル',28800,28800,26550,27200,41);
INSERT INTO "stock" VALUES('2013/05/21',2145,'データリンクス',121800,121800,115100,119900,24);
INSERT INTO "stock" VALUES('2013/05/21',2146,'ユナイテッド・テクノロジー・ホールディングス',108500,108500,102900,103800,771);
INSERT INTO "stock" VALUES('2013/05/21',2148,'アイティメディア',565,565,525,540,23800);
INSERT INTO "stock" VALUES('2013/05/21',2150,'ケアネット',605,608,559,560,26300);
INSERT INTO "stock" VALUES('2013/05/21',2151,'タケエイ',4470,4555,4270,4295,113600);
INSERT INTO "stock" VALUES('2013/05/21',2152,'幼児活動研究会',6360,6380,5820,5910,13300);
INSERT INTO "stock" VALUES('2013/05/21',2154,'トラストワークス',85500,85600,83100,84200,325);
INSERT INTO "stock" VALUES('2013/05/21',2155,'カービュー',244000,269000,244000,264000,245);
INSERT INTO "stock" VALUES('2013/05/21',2156,'セーラー広告',252,262,250,250,18600);
INSERT INTO "stock" VALUES('2013/05/21',2157,'コシダカ',4620,4650,4335,4370,22100);
INSERT INTO "stock" VALUES('2013/05/21',2158,'ＵＢＩＣ',4490,4490,4315,4385,61680);
INSERT INTO "stock" VALUES('2013/05/21',2159,'フルスピード',40000,46000,38100,39000,4928);
INSERT INTO "stock" VALUES('2013/05/21',2160,'ジーエヌアイ',780,840,685,713,9680000);
INSERT INTO "stock" VALUES('2013/05/21',2162,'日本マニュファクチャリングサービス',74000,74000,66300,68200,1549);
INSERT INTO "stock" VALUES('2013/05/21',2163,'アルトナー',679,680,668,676,12800);
INSERT INTO "stock" VALUES('2013/05/21',2164,'地域新聞社',342,342,332,335,2800);
INSERT INTO "stock" VALUES('2013/05/21',2165,'メガロス',1393,1393,1384,1385,600);
INSERT INTO "stock" VALUES('2013/05/21',2169,'ＣＤＳ',1096,1097,1085,1092,33400);
INSERT INTO "stock" VALUES('2013/05/21',2170,'リンクアンドモチベーション',36300,37000,35500,35600,746);
INSERT INTO "stock" VALUES('2013/05/21',2172,'インサイト',1136,1136,1129,1129,400);
INSERT INTO "stock" VALUES('2013/05/21',2173,'博展',738,744,727,728,9300);
INSERT INTO "stock" VALUES('2013/05/21',2175,'エス・エム・エス',1730,1740,1675,1702,230200);
INSERT INTO "stock" VALUES('2013/05/21',2176,'イナリサーチ',1269,1269,1122,1190,20900);
INSERT INTO "stock" VALUES('2013/05/21',2179,'成学社',760,760,730,730,9100);
INSERT INTO "stock" VALUES('2013/05/21',2182,'メディサイエンスプラニング',4780,4870,4410,4630,21700);
INSERT INTO "stock" VALUES('2013/05/21',2183,'リニカル',2059,2060,1925,1951,116800);
INSERT INTO "stock" VALUES('2013/05/21',2185,'シイエム・シイ',2132,2140,2132,2136,1100);
INSERT INTO "stock" VALUES('2013/05/21',2186,'ソーバル',890,900,879,881,2700);
INSERT INTO "stock" VALUES('2013/05/21',2190,'ＪＣＬバイオアッセイ',1299,1299,1161,1209,89200);
INSERT INTO "stock" VALUES('2013/05/21',2191,'テラ',3785,3810,3480,3535,544200);
INSERT INTO "stock" VALUES('2013/05/21',2193,'クックパッド',3430,3445,3165,3185,594900);
INSERT INTO "stock" VALUES('2013/05/21',2198,'アイ・ケイ・ケイ',909,910,890,895,39300);
INSERT INTO "stock" VALUES('2013/05/21',2201,'森永製菓',218,218,215,216,606000);
INSERT INTO "stock" VALUES('2013/05/21',2204,'中村屋',428,430,425,426,34000);
INSERT INTO "stock" VALUES('2013/05/21',2206,'江崎グリコ',1147,1153,1125,1126,138000);
INSERT INTO "stock" VALUES('2013/05/21',2207,'名糖産業',1037,1037,1030,1031,8100);
INSERT INTO "stock" VALUES('2013/05/21',2208,'ブルボン',1300,1300,1300,1300,1000);
INSERT INTO "stock" VALUES('2013/05/21',2209,'井村屋製菓',525,525,520,520,11000);
INSERT INTO "stock" VALUES('2013/05/21',2211,'不二家',208,208,206,208,519000);
INSERT INTO "stock" VALUES('2013/05/21',2212,'山崎製パン',1188,1188,1155,1169,872000);
INSERT INTO "stock" VALUES('2013/05/21',2215,'第一屋製パン',145,145,141,143,272000);
INSERT INTO "stock" VALUES('2013/05/21',2216,'カンロ',468,470,468,470,3000);
INSERT INTO "stock" VALUES('2013/05/21',2217,'モロゾフ',317,317,313,314,32000);
INSERT INTO "stock" VALUES('2013/05/21',2218,'日糧製パン',112,112,112,112,1000);
INSERT INTO "stock" VALUES('2013/05/21',2220,'亀田製菓',3470,3500,3345,3365,51400);
INSERT INTO "stock" VALUES('2013/05/21',2221,'岩塚製菓',4780,4780,4645,4755,2000);
INSERT INTO "stock" VALUES('2013/05/21',2222,'寿製菓',1320,1332,1310,1320,33800);
INSERT INTO "stock" VALUES('2013/05/21',2224,'コモ',1686,1688,1686,1686,800);
INSERT INTO "stock" VALUES('2013/05/21',2226,'フレンテ',2335,2335,2280,2300,3800);
INSERT INTO "stock" VALUES('2013/05/21',2228,'シベール',294400,294400,294200,294200,4);
INSERT INTO "stock" VALUES('2013/05/21',2264,'森永乳業',295,302,295,302,955000);
INSERT INTO "stock" VALUES('2013/05/21',2266,'六甲バター',728,733,723,728,24400);
INSERT INTO "stock" VALUES('2013/05/21',2267,'ヤクルト本社',4990,5000,4730,4805,1227300);
INSERT INTO "stock" VALUES('2013/05/21',2268,'Ｂ‐Ｒ　サーティワン　アイスクリーム',5150,5200,5150,5190,4800);
INSERT INTO "stock" VALUES('2013/05/21',2269,'明治ホールディングス',4770,4805,4730,4805,192000);
INSERT INTO "stock" VALUES('2013/05/21',2281,'プリマハム',245,248,243,245,839000);
INSERT INTO "stock" VALUES('2013/05/21',2282,'日本ハム',1584,1604,1567,1604,673000);
INSERT INTO "stock" VALUES('2013/05/21',2284,'伊藤ハム',471,472,455,458,967000);
INSERT INTO "stock" VALUES('2013/05/21',2286,'林兼産業',90,93,89,93,3696000);
INSERT INTO "stock" VALUES('2013/05/21',2288,'丸大食品',322,323,321,321,172000);
INSERT INTO "stock" VALUES('2013/05/21',2290,'米久',873,886,865,869,14900);
INSERT INTO "stock" VALUES('2013/05/21',2291,'福留ハム',297,297,292,296,5000);
INSERT INTO "stock" VALUES('2013/05/21',2292,'エスフーズ',966,979,966,970,18500);
INSERT INTO "stock" VALUES('2013/05/21',2293,'滝沢ハム',0,0,0,403,0);
INSERT INTO "stock" VALUES('2013/05/21',2294,'柿安本店',1399,1401,1396,1401,13500);
INSERT INTO "stock" VALUES('2013/05/21',2300,'きょくとう',444,444,436,436,4100);
INSERT INTO "stock" VALUES('2013/05/21',2301,'学情',579,579,550,555,78700);
INSERT INTO "stock" VALUES('2013/05/21',2303,'ドーン',482,482,457,479,11900);
INSERT INTO "stock" VALUES('2013/05/21',2304,'セントラルサービスシステム',30300,32450,30050,30700,279);
INSERT INTO "stock" VALUES('2013/05/21',2305,'スタジオアリス',1599,1599,1573,1583,61200);
INSERT INTO "stock" VALUES('2013/05/21',2307,'クロスキャット',283,283,283,283,2000);
INSERT INTO "stock" VALUES('2013/05/21',2309,'シミック',2401,2412,2302,2343,109700);
INSERT INTO "stock" VALUES('2013/05/21',2311,'エプコ',1500,1599,1488,1590,61000);
INSERT INTO "stock" VALUES('2013/05/21',2315,'サン・ジャパン',11000,11100,10020,11000,18143);
INSERT INTO "stock" VALUES('2013/05/21',2317,'システムプロ',817,822,812,820,70900);
INSERT INTO "stock" VALUES('2013/05/21',2321,'ソフトフロント',15500,15500,14700,14700,633);
INSERT INTO "stock" VALUES('2013/05/21',2322,'ＮＥＣフィールディング',1350,1350,1327,1335,42400);
INSERT INTO "stock" VALUES('2013/05/21',2323,'ネットビレッジ',287,292,283,292,14200);
INSERT INTO "stock" VALUES('2013/05/21',2325,'日本上下水道設計',1328,1330,1310,1321,7500);
INSERT INTO "stock" VALUES('2013/05/21',2326,'デジタルアーツ',1370,1380,1299,1302,270000);
INSERT INTO "stock" VALUES('2013/05/21',2327,'新日鉄ソリューションズ',2016,2018,1988,1993,128300);
INSERT INTO "stock" VALUES('2013/05/21',2329,'東北新社',952,952,920,921,35700);
INSERT INTO "stock" VALUES('2013/05/21',2330,'フォーサイド・ドット・コム',1645,1650,1610,1613,7012);
INSERT INTO "stock" VALUES('2013/05/21',2331,'綜合警備保障',1758,1774,1723,1750,155700);
INSERT INTO "stock" VALUES('2013/05/21',2332,'クエスト',730,737,728,728,1300);
INSERT INTO "stock" VALUES('2013/05/21',2335,'キューブシステム',691,695,688,689,6000);
INSERT INTO "stock" VALUES('2013/05/21',2337,'アセット・マネジャーズ',90000,90500,84000,88900,23904);
INSERT INTO "stock" VALUES('2013/05/21',2338,'ザイオン',506,506,457,470,20500);
INSERT INTO "stock" VALUES('2013/05/21',2340,'自然堂',303,312,300,311,77600);
INSERT INTO "stock" VALUES('2013/05/21',2341,'アルバイトタイムス',281,281,273,280,168200);
INSERT INTO "stock" VALUES('2013/05/21',2342,'トランスジェニック',825,846,790,801,276700);
INSERT INTO "stock" VALUES('2013/05/21',2344,'平安レイサービス',867,870,845,864,48100);
INSERT INTO "stock" VALUES('2013/05/21',2345,'システム・テクノロジー・アイ',560,585,560,561,1000);
INSERT INTO "stock" VALUES('2013/05/21',2349,'エヌアイデイ',1622,1630,1619,1619,3200);
INSERT INTO "stock" VALUES('2013/05/21',2351,'アドミラルシステム',38000,45250,36500,37650,2063);
INSERT INTO "stock" VALUES('2013/05/21',2352,'エイジア',1050,1050,988,989,31700);
INSERT INTO "stock" VALUES('2013/05/21',2353,'日本駐車場開発',9050,9050,8740,8780,20242);
INSERT INTO "stock" VALUES('2013/05/21',2354,'安川情報システム',268,268,261,262,8500);
INSERT INTO "stock" VALUES('2013/05/21',2359,'コア',752,757,746,750,10500);
INSERT INTO "stock" VALUES('2013/05/21',2362,'夢真',712,714,662,680,732600);
INSERT INTO "stock" VALUES('2013/05/21',2369,'メディビック',320,324,283,287,1847800);
INSERT INTO "stock" VALUES('2013/05/21',2370,'メディネット',77400,81900,69200,72200,123298);
INSERT INTO "stock" VALUES('2013/05/21',2371,'カカクコム',2634,2684,2592,2635,868700);
INSERT INTO "stock" VALUES('2013/05/21',2372,'アイロム',11020,11800,10300,10630,12670);
INSERT INTO "stock" VALUES('2013/05/21',2373,'ケア２１',2550,2570,2500,2500,3400);
INSERT INTO "stock" VALUES('2013/05/21',2374,'セントケア',1530,1535,1496,1497,11700);
INSERT INTO "stock" VALUES('2013/05/21',2375,'スリープロ',271,273,262,262,29400);
INSERT INTO "stock" VALUES('2013/05/21',2376,'サイネックス',764,860,764,802,88200);
INSERT INTO "stock" VALUES('2013/05/21',2378,'ルネサンス',764,765,730,736,68500);
INSERT INTO "stock" VALUES('2013/05/21',2379,'ディップ',505,507,482,484,21500);
INSERT INTO "stock" VALUES('2013/05/21',2384,'エスビーエス',1200,1208,1170,1192,14700);
INSERT INTO "stock" VALUES('2013/05/21',2385,'総合医科学研究所',41750,42250,40300,40350,1702);
INSERT INTO "stock" VALUES('2013/05/21',2388,'ブレインナビ',42500,42500,36500,37000,7887);
INSERT INTO "stock" VALUES('2013/05/21',2389,'オプト',1036,1038,960,980,151900);
INSERT INTO "stock" VALUES('2013/05/21',2391,'プラネット',978,980,970,970,3200);
INSERT INTO "stock" VALUES('2013/05/21',2393,'日本ケアサプライ',88600,90600,85700,86100,120);
INSERT INTO "stock" VALUES('2013/05/21',2395,'新日本科学',1911,1925,1833,1851,541700);
INSERT INTO "stock" VALUES('2013/05/21',2397,'ＤＮＡチップ研究所',217000,226000,201000,206600,539);
INSERT INTO "stock" VALUES('2013/05/21',2398,'ツクイ',1239,1259,1189,1198,874400);
INSERT INTO "stock" VALUES('2013/05/21',2399,'綜合臨床薬理研究所',178200,180000,171000,173100,495);
INSERT INTO "stock" VALUES('2013/05/21',2400,'メッセージ',288000,295100,285200,287000,1040);
INSERT INTO "stock" VALUES('2013/05/21',2402,'アマナ',710,710,702,707,3500);
INSERT INTO "stock" VALUES('2013/05/21',2404,'鉄人化計画',104200,104200,104200,104200,104);
INSERT INTO "stock" VALUES('2013/05/21',2405,'フジコー',590,590,551,560,65400);
INSERT INTO "stock" VALUES('2013/05/21',2406,'アルテ',49650,49900,49400,49900,41);
INSERT INTO "stock" VALUES('2013/05/21',2408,'ＫＧ情報',488,488,480,481,6400);
INSERT INTO "stock" VALUES('2013/05/21',2410,'キャリアデザインセンター',100200,101400,95200,95200,993);
INSERT INTO "stock" VALUES('2013/05/21',2411,'ゲンダイエージェンシー',605,612,605,611,42100);
INSERT INTO "stock" VALUES('2013/05/21',2412,'ベネフィット・ワン',153800,155000,151100,153000,260);
INSERT INTO "stock" VALUES('2013/05/21',2413,'ソネット・エムスリー',228300,229900,222200,223000,8775);
INSERT INTO "stock" VALUES('2013/05/21',2415,'ヒューマンホールディングス',82500,82600,72500,73200,638);
INSERT INTO "stock" VALUES('2013/05/21',2417,'ツヴァイ',826,830,820,830,1100);
INSERT INTO "stock" VALUES('2013/05/21',2418,'ベストブライダル',179000,194000,170600,173000,1734);
INSERT INTO "stock" VALUES('2013/05/21',2419,'日本ＥＲＩ',1860,1888,1832,1870,79900);
INSERT INTO "stock" VALUES('2013/05/21',2425,'ケアサービス',214000,214200,209500,210500,50);
INSERT INTO "stock" VALUES('2013/05/21',2427,'アウトソーシング',1005,1021,966,968,106100);
INSERT INTO "stock" VALUES('2013/05/21',2428,'ウェルネット',1020,1022,1000,1022,18600);
INSERT INTO "stock" VALUES('2013/05/21',2429,'ワールドインテック',556,564,526,540,115000);
INSERT INTO "stock" VALUES('2013/05/21',2432,'ディー・エヌ・エー',2209,2238,2197,2207,3781500);
INSERT INTO "stock" VALUES('2013/05/21',2433,'博報堂ＤＹホールディングス',7930,7940,7760,7870,107060);
INSERT INTO "stock" VALUES('2013/05/21',2434,'丸誠',593,595,593,595,1000);
INSERT INTO "stock" VALUES('2013/05/21',2435,'シダー',450,455,450,455,2500);
INSERT INTO "stock" VALUES('2013/05/21',2436,'共同ピーアール',721,747,721,747,700);
INSERT INTO "stock" VALUES('2013/05/21',2437,'シンワアートオークション',82000,82300,78500,81300,998);
INSERT INTO "stock" VALUES('2013/05/21',2438,'アスカネット',882,883,864,868,8000);
INSERT INTO "stock" VALUES('2013/05/21',2440,'ぐるなび',1260,1260,1209,1216,199600);
INSERT INTO "stock" VALUES('2013/05/21',2445,'エスアールジータカミヤ',800,890,800,890,78500);
INSERT INTO "stock" VALUES('2013/05/21',2449,'プラップジャパン',1240,1269,1240,1240,4800);
INSERT INTO "stock" VALUES('2013/05/21',2450,'一休',165500,166000,160000,161200,3222);
INSERT INTO "stock" VALUES('2013/05/21',2451,'メディアクリエイト',130,131,128,130,21000);
INSERT INTO "stock" VALUES('2013/05/21',2453,'ジャパンベストレスキューシステム',146000,146400,141700,142500,228);
INSERT INTO "stock" VALUES('2013/05/21',2454,'オールアバウト',59000,59700,56300,57200,184);
INSERT INTO "stock" VALUES('2013/05/21',2458,'フルキャストテクノロジー',101900,101900,96600,97100,87);
INSERT INTO "stock" VALUES('2013/05/21',2459,'アウンコンサルティング',282,296,280,281,22400);
INSERT INTO "stock" VALUES('2013/05/21',2461,'ファンコミュニケーションズ',3015,3015,2798,2807,197600);
INSERT INTO "stock" VALUES('2013/05/21',2462,'ジェイコム',977,979,930,956,104300);
INSERT INTO "stock" VALUES('2013/05/21',2464,'ビジネス・ブレークスルー',67100,71000,67100,70000,61);
INSERT INTO "stock" VALUES('2013/05/21',2466,'パシフィックゴルフグループインターナショナルホール',101300,103000,100100,100700,988);
INSERT INTO "stock" VALUES('2013/05/21',2468,'フュートレック',1294,1322,1240,1244,226600);
INSERT INTO "stock" VALUES('2013/05/21',2469,'ヒビノ',840,840,820,823,4800);
INSERT INTO "stock" VALUES('2013/05/21',2471,'エスプール',330,330,320,323,3100);
INSERT INTO "stock" VALUES('2013/05/21',2475,'ＷＤＢ',1949,1980,1870,1916,47400);
INSERT INTO "stock" VALUES('2013/05/21',2477,'比較．ｃｏｍ',98000,98000,95000,98000,543);
INSERT INTO "stock" VALUES('2013/05/21',2479,'ジェイテック',404,404,379,395,53100);
INSERT INTO "stock" VALUES('2013/05/21',2480,'システム・ロケーション',467,468,467,468,300);
INSERT INTO "stock" VALUES('2013/05/21',2481,'タウンニュース社',425,425,413,414,20100);
INSERT INTO "stock" VALUES('2013/05/21',2483,'翻訳センター',3430,3465,3310,3315,6600);
INSERT INTO "stock" VALUES('2013/05/21',2484,'夢の街創造委員会',845,847,730,784,264700);
INSERT INTO "stock" VALUES('2013/05/21',2487,'ＣＤＧ',924,924,911,924,1000);
INSERT INTO "stock" VALUES('2013/05/21',2488,'日本サード・パーティ',1903,2173,1885,1900,70600);
INSERT INTO "stock" VALUES('2013/05/21',2489,'アドウェイズ',140900,149000,132000,136100,1705);
INSERT INTO "stock" VALUES('2013/05/21',2491,'バリューコマース',148400,148400,137400,141100,3754);
INSERT INTO "stock" VALUES('2013/05/21',2492,'インフォマート',4670,4680,4315,4405,53500);
INSERT INTO "stock" VALUES('2013/05/21',2493,'イーサポートリンク',305500,313000,295600,299800,179);
INSERT INTO "stock" VALUES('2013/05/21',2497,'ネットエイジグループ',503,505,449,460,405000);
INSERT INTO "stock" VALUES('2013/05/21',2498,'ＡＣＫグループ',586,586,568,570,22400);
INSERT INTO "stock" VALUES('2013/05/21',2499,'日本和装ホールディングス',27500,27500,27200,27200,88);
INSERT INTO "stock" VALUES('2013/05/21',2501,'サッポロビール',431,431,425,426,1651000);
INSERT INTO "stock" VALUES('2013/05/21',2502,'アサヒビール',2672,2679,2619,2655,2198000);
INSERT INTO "stock" VALUES('2013/05/21',2503,'キリンビール',1844,1844,1808,1825,2546000);
INSERT INTO "stock" VALUES('2013/05/21',2531,'宝ホールディングス',1140,1149,1109,1120,1080000);
INSERT INTO "stock" VALUES('2013/05/21',2533,'合同酒精',270,270,264,264,143000);
INSERT INTO "stock" VALUES('2013/05/21',2538,'マルキン忠勇',60,60,56,58,2033000);
INSERT INTO "stock" VALUES('2013/05/21',2540,'養命酒製造',883,883,847,852,43000);
INSERT INTO "stock" VALUES('2013/05/21',2572,'三国コカ・コーラボトリング',1238,1244,1229,1241,52700);
INSERT INTO "stock" VALUES('2013/05/21',2573,'北海道コカ・コーラボトリング',540,540,530,535,11000);
INSERT INTO "stock" VALUES('2013/05/21',2579,'コカ・コーラウエストジャパン',1989,1995,1961,1988,307300);
INSERT INTO "stock" VALUES('2013/05/21',2580,'コカ・コーラ セントラルジャパン',1590,1590,1570,1580,94500);
INSERT INTO "stock" VALUES('2013/05/21',2590,'ダイドードリンコ',4345,4345,4305,4320,23200);
INSERT INTO "stock" VALUES('2013/05/21',2593,'伊藤園',2329,2332,2304,2323,270200);
INSERT INTO "stock" VALUES('2013/05/21',2594,'キーコーヒー',1547,1547,1535,1544,64400);
INSERT INTO "stock" VALUES('2013/05/21',2597,'ユニカフェ',550,550,546,546,6600);
INSERT INTO "stock" VALUES('2013/05/21',2599,'ジャパンフーズ',1377,1379,1340,1361,14700);
INSERT INTO "stock" VALUES('2013/05/21',2602,'日清製油',383,388,381,386,383000);
INSERT INTO "stock" VALUES('2013/05/21',2607,'不二製油',1697,1717,1665,1678,218900);
INSERT INTO "stock" VALUES('2013/05/21',2608,'ボーソー油脂',144,147,143,146,29000);
INSERT INTO "stock" VALUES('2013/05/21',2611,'攝津製油',418,418,418,418,4000);
INSERT INTO "stock" VALUES('2013/05/21',2612,'かどや製油',3000,3030,3000,3010,5600);
INSERT INTO "stock" VALUES('2013/05/21',2613,'豊年味の素製油',307,307,304,305,226000);
INSERT INTO "stock" VALUES('2013/05/21',2651,'ローソン',7550,7760,7540,7750,665600);
INSERT INTO "stock" VALUES('2013/05/21',2652,'まんだらけ',4350,4555,4060,4230,69800);
INSERT INTO "stock" VALUES('2013/05/21',2653,'九州ジャスコ',1630,1630,1629,1629,7900);
INSERT INTO "stock" VALUES('2013/05/21',2654,'シンワ',68,70,67,68,845000);
INSERT INTO "stock" VALUES('2013/05/21',2655,'マックスバリュ東北',858,860,853,853,2800);
INSERT INTO "stock" VALUES('2013/05/21',2656,'ベクター',680,700,666,678,56900);
INSERT INTO "stock" VALUES('2013/05/21',2658,'ウライ',152,152,150,152,43000);
INSERT INTO "stock" VALUES('2013/05/21',2659,'サンエー',5080,5090,4990,5010,18500);
INSERT INTO "stock" VALUES('2013/05/21',2660,'キリン堂',771,776,770,773,8100);
INSERT INTO "stock" VALUES('2013/05/21',2662,'ダイユーエイト',680,682,675,679,9200);
INSERT INTO "stock" VALUES('2013/05/21',2664,'カワチ薬品',2370,2370,2319,2367,86400);
INSERT INTO "stock" VALUES('2013/05/21',2665,'ネクストコム',16100,16100,15910,16040,1946);
INSERT INTO "stock" VALUES('2013/05/21',2666,'オートウェーブ',127,128,122,124,275500);
INSERT INTO "stock" VALUES('2013/05/21',2667,'イメージワン',62200,64200,58200,64200,4285);
INSERT INTO "stock" VALUES('2013/05/21',2668,'ダン',878,896,878,882,10500);
INSERT INTO "stock" VALUES('2013/05/21',2669,'カネ美食品',2952,2955,2951,2951,700);
INSERT INTO "stock" VALUES('2013/05/21',2670,'インターナショナル・トレーディング・コーポレーショ',4140,4140,4045,4090,139200);
INSERT INTO "stock" VALUES('2013/05/21',2673,'みつけ隊',114,115,109,113,260000);
INSERT INTO "stock" VALUES('2013/05/21',2674,'ハードオフコーポレーション',745,745,737,741,80300);
INSERT INTO "stock" VALUES('2013/05/21',2675,'ダイナック',1300,1307,1290,1299,4200);
INSERT INTO "stock" VALUES('2013/05/21',2676,'高千穂交易',944,945,940,940,7900);
INSERT INTO "stock" VALUES('2013/05/21',2678,'アスクル',1800,1800,1748,1762,94700);
INSERT INTO "stock" VALUES('2013/05/21',2681,'ゲオ',104100,104100,101700,101800,2695);
INSERT INTO "stock" VALUES('2013/05/21',2683,'魚喜',89,92,89,92,17000);
INSERT INTO "stock" VALUES('2013/05/21',2684,'プライム',1150,1185,1100,1100,62944);
INSERT INTO "stock" VALUES('2013/05/21',2685,'ポイント',4795,4795,4705,4765,63270);
INSERT INTO "stock" VALUES('2013/05/21',2687,'シー・ヴイ・エス・ベイエリア',104,104,102,104,142000);
INSERT INTO "stock" VALUES('2013/05/21',2689,'カワニシ',1658,1697,1621,1696,16900);
INSERT INTO "stock" VALUES('2013/05/21',2692,'伊藤忠食品',3625,3645,3615,3630,7000);
INSERT INTO "stock" VALUES('2013/05/21',2693,'ワイケイティ',172,174,172,173,17100);
INSERT INTO "stock" VALUES('2013/05/21',2694,'平禄',63,63,62,62,212600);
INSERT INTO "stock" VALUES('2013/05/21',2695,'くらコーポレーション',1630,1640,1628,1639,54500);
INSERT INTO "stock" VALUES('2013/05/21',2698,'キャンドゥ',200500,200600,198600,199300,1046);
INSERT INTO "stock" VALUES('2013/05/21',2700,'木徳神糧',800,829,770,800,24000);
INSERT INTO "stock" VALUES('2013/05/21',2702,'日本マクドナルドホールディングス',2900,2919,2900,2912,246500);
INSERT INTO "stock" VALUES('2013/05/21',2703,'日本ライトン',159,163,158,162,5700);
INSERT INTO "stock" VALUES('2013/05/21',2705,'大戸屋',1088,1098,1080,1090,21200);
INSERT INTO "stock" VALUES('2013/05/21',2706,'ブロッコリー',355,359,344,345,948000);
INSERT INTO "stock" VALUES('2013/05/21',2708,'久世',748,748,740,740,1500);
INSERT INTO "stock" VALUES('2013/05/21',2710,'シーエスロジネット',0,0,0,180,0);
INSERT INTO "stock" VALUES('2013/05/21',2712,'スターバックスコーヒージャパン',83000,83400,82500,82600,932);
INSERT INTO "stock" VALUES('2013/05/21',2714,'プラマテルズ',428,428,426,426,1000);
INSERT INTO "stock" VALUES('2013/05/21',2715,'高千穂電気',1375,1375,1356,1358,12800);
INSERT INTO "stock" VALUES('2013/05/21',2719,'キタムラ',741,754,738,753,22900);
INSERT INTO "stock" VALUES('2013/05/21',2721,'ジェイホーム',42300,42400,39200,39200,29);
INSERT INTO "stock" VALUES('2013/05/21',2722,'アイケイ',104900,105000,104400,104700,49);
INSERT INTO "stock" VALUES('2013/05/21',2724,'フォーバルクリエーティブ',421,425,418,420,6799);
INSERT INTO "stock" VALUES('2013/05/21',2726,'パル',3775,3775,3660,3695,50400);
INSERT INTO "stock" VALUES('2013/05/21',2729,'ジャルックス',1049,1049,1034,1039,5700);
INSERT INTO "stock" VALUES('2013/05/21',2730,'エディオン',510,521,506,519,1101600);
INSERT INTO "stock" VALUES('2013/05/21',2733,'あらた',379,380,373,379,25000);
INSERT INTO "stock" VALUES('2013/05/21',2734,'サーラコーポレーション',527,529,523,523,14700);
INSERT INTO "stock" VALUES('2013/05/21',2735,'ワッツ',1350,1399,1322,1384,22000);
INSERT INTO "stock" VALUES('2013/05/21',2736,'サダマツ',165,166,163,164,42000);
INSERT INTO "stock" VALUES('2013/05/21',2737,'トーメンデバイス',1804,1808,1798,1799,4700);
INSERT INTO "stock" VALUES('2013/05/21',2742,'ハローズ',800,801,795,800,3200);
INSERT INTO "stock" VALUES('2013/05/21',2743,'ハイブリッド・サービス',30600,31400,30200,30200,305);
INSERT INTO "stock" VALUES('2013/05/21',2747,'北雄ラッキー',475,475,475,475,2000);
INSERT INTO "stock" VALUES('2013/05/21',2749,'ジェイ・プランニング',3600,3675,3455,3515,600900);
INSERT INTO "stock" VALUES('2013/05/21',2750,'石光商事',333,334,330,334,10300);
INSERT INTO "stock" VALUES('2013/05/21',2751,'テンポスバスターズ',223000,223000,210300,215000,64);
INSERT INTO "stock" VALUES('2013/05/21',2752,'フジオフードシステム',354000,354000,347000,347000,34);
INSERT INTO "stock" VALUES('2013/05/21',2753,'あみやき亭',292000,293700,282900,283800,178);
INSERT INTO "stock" VALUES('2013/05/21',2754,'ホンダクリオ東葛',290,290,290,290,3000);
INSERT INTO "stock" VALUES('2013/05/21',2759,'テレウェイヴ',6500,6950,5980,6390,11588);
INSERT INTO "stock" VALUES('2013/05/21',2760,'東京エレクトロンデバイス',162400,164200,161800,164000,186);
INSERT INTO "stock" VALUES('2013/05/21',2761,'トシン電機',2359,2359,2323,2350,1200);
INSERT INTO "stock" VALUES('2013/05/21',2762,'三光マーケティングフーズ',106000,106000,104000,105000,211);
INSERT INTO "stock" VALUES('2013/05/21',2763,'エフティコミュニケーションズ',222000,224800,191200,200500,795);
INSERT INTO "stock" VALUES('2013/05/21',2764,'ひらまつ',768,775,757,763,144800);
INSERT INTO "stock" VALUES('2013/05/21',2766,'日本風力開発',82700,84500,80700,81500,4259);
INSERT INTO "stock" VALUES('2013/05/21',2767,'フィールズ',1971,2009,1950,1981,158500);
INSERT INTO "stock" VALUES('2013/05/21',2768,'ニチメン・日商岩井ホールディングス',179,199,178,198,53598200);
INSERT INTO "stock" VALUES('2013/05/21',2769,'ヴィレッジヴァンガードコーポレーション',212000,212300,207300,207600,244);
INSERT INTO "stock" VALUES('2013/05/21',2772,'ゲンキー',2255,2256,2245,2253,7100);
INSERT INTO "stock" VALUES('2013/05/21',2773,'ミューチュアル',471,473,470,470,2800);
INSERT INTO "stock" VALUES('2013/05/21',2776,'クリムゾン',14990,15100,14000,14100,371);
INSERT INTO "stock" VALUES('2013/05/21',2777,'カッシーナ・イクスシー',8090,8100,7500,7710,540);
INSERT INTO "stock" VALUES('2013/05/21',2778,'パレモ',338,338,331,333,21200);
INSERT INTO "stock" VALUES('2013/05/21',2780,'コメ兵',1958,1989,1926,1960,52800);
INSERT INTO "stock" VALUES('2013/05/21',2782,'セリア',2750,2750,2614,2620,165000);
INSERT INTO "stock" VALUES('2013/05/21',2784,'アルフレッサ　ホールディングス',5680,5690,5550,5640,164700);
INSERT INTO "stock" VALUES('2013/05/21',2786,'サッポロドラッグストアー',3820,3820,3780,3780,500);
INSERT INTO "stock" VALUES('2013/05/21',2788,'アップルインターナショナル',18180,19300,18150,18750,2127);
INSERT INTO "stock" VALUES('2013/05/21',2789,'カルラ',353,355,351,354,6700);
INSERT INTO "stock" VALUES('2013/05/21',2790,'ナフコ',2156,2156,2112,2123,8700);
INSERT INTO "stock" VALUES('2013/05/21',2791,'大黒天物産',2825,2825,2782,2783,26600);
INSERT INTO "stock" VALUES('2013/05/21',2792,'ハニーズ',1246,1247,1222,1230,159490);
INSERT INTO "stock" VALUES('2013/05/21',2795,'日本プリメックス',634,634,618,619,3400);
INSERT INTO "stock" VALUES('2013/05/21',2796,'ファマライズ',83600,83600,80900,81500,252);
INSERT INTO "stock" VALUES('2013/05/21',2798,'ワイズテーブルコーポレーション',155300,155900,153200,153500,28);
INSERT INTO "stock" VALUES('2013/05/21',2799,'ネクサス',27800,28000,26750,27000,4905);
INSERT INTO "stock" VALUES('2013/05/21',2801,'キッコーマン',1948,1958,1913,1932,808000);
INSERT INTO "stock" VALUES('2013/05/21',2802,'味の素',1496,1500,1485,1491,4400000);
INSERT INTO "stock" VALUES('2013/05/21',2804,'ブルドックソース',179,181,179,180,16000);
INSERT INTO "stock" VALUES('2013/05/21',2805,'ヱスビー食品',739,750,739,744,8000);
INSERT INTO "stock" VALUES('2013/05/21',2806,'ユタカフーズ',1690,1690,1690,1690,800);
INSERT INTO "stock" VALUES('2013/05/21',2809,'キユーピー',1574,1581,1557,1581,308500);
INSERT INTO "stock" VALUES('2013/05/21',2810,'ハウス食品',1747,1755,1724,1738,182700);
INSERT INTO "stock" VALUES('2013/05/21',2811,'カゴメ',1786,1794,1778,1793,315500);
INSERT INTO "stock" VALUES('2013/05/21',2812,'焼津水産化学工業',903,903,896,897,8100);
INSERT INTO "stock" VALUES('2013/05/21',2813,'和弘食品',0,0,0,218,0);
INSERT INTO "stock" VALUES('2013/05/21',2814,'佐藤食品工業',1008,1018,1008,1018,2530);
INSERT INTO "stock" VALUES('2013/05/21',2815,'アリアケジャパン',2359,2359,2300,2321,56400);
INSERT INTO "stock" VALUES('2013/05/21',2816,'ダイショー',869,869,866,868,1500);
INSERT INTO "stock" VALUES('2013/05/21',2817,'ギャバン朝岡',0,0,0,570,0);
INSERT INTO "stock" VALUES('2013/05/21',2818,'ピエトロ',990,993,990,993,1900);
INSERT INTO "stock" VALUES('2013/05/21',2819,'エバラ食品工業',1510,1510,1490,1490,2000);
INSERT INTO "stock" VALUES('2013/05/21',2830,'アヲハタ',1452,1455,1450,1450,1500);
INSERT INTO "stock" VALUES('2013/05/21',2831,'はごろもフーズ',1105,1110,1104,1110,5000);
INSERT INTO "stock" VALUES('2013/05/21',2871,'ニチレイ',560,563,557,562,910000);
INSERT INTO "stock" VALUES('2013/05/21',2872,'セイヒョー',0,0,0,186,0);
INSERT INTO "stock" VALUES('2013/05/21',2874,'ヨコレイ',875,879,865,868,90600);
INSERT INTO "stock" VALUES('2013/05/21',2875,'東洋水産',3430,3430,3345,3400,892000);
INSERT INTO "stock" VALUES('2013/05/21',2876,'ジェーシー・フーズネット',313,313,310,310,9000);
INSERT INTO "stock" VALUES('2013/05/21',2877,'日東ベスト',775,783,773,783,2200);
INSERT INTO "stock" VALUES('2013/05/21',2882,'イートアンド',1125,1130,1115,1129,6000);
INSERT INTO "stock" VALUES('2013/05/21',2892,'日本食品化工',379,383,377,383,9000);
INSERT INTO "stock" VALUES('2013/05/21',2894,'石井食品',197,199,197,199,8000);
INSERT INTO "stock" VALUES('2013/05/21',2897,'日清食品',4305,4315,4240,4260,287300);
INSERT INTO "stock" VALUES('2013/05/21',2899,'永谷園',890,897,883,897,43000);
INSERT INTO "stock" VALUES('2013/05/21',2901,'石垣食品',190,190,186,186,4000);
INSERT INTO "stock" VALUES('2013/05/21',2903,'シノブフーズ',402,402,398,402,20000);
INSERT INTO "stock" VALUES('2013/05/21',2904,'一正蒲鉾',0,0,0,650,0);
INSERT INTO "stock" VALUES('2013/05/21',2905,'オーケー食品工業',96,96,94,96,14000);
INSERT INTO "stock" VALUES('2013/05/21',2907,'あじかん',781,794,781,783,400);
INSERT INTO "stock" VALUES('2013/05/21',2908,'フジッコ',1143,1144,1139,1143,21000);
INSERT INTO "stock" VALUES('2013/05/21',2910,'ロック・フィールド',1917,1930,1911,1930,30400);
INSERT INTO "stock" VALUES('2013/05/21',2911,'旭松食品',289,289,286,286,6000);
INSERT INTO "stock" VALUES('2013/05/21',2914,'ＪＴ',3745,3750,3675,3685,4931300);
INSERT INTO "stock" VALUES('2013/05/21',2915,'ケンコーマヨネーズ',897,901,894,895,25300);
INSERT INTO "stock" VALUES('2013/05/21',2916,'仙波糖化工業',309,309,303,303,1300);
INSERT INTO "stock" VALUES('2013/05/21',2917,'大森屋',900,904,900,900,3000);
INSERT INTO "stock" VALUES('2013/05/21',2918,'わらべや日洋',1700,1716,1687,1714,54100);
INSERT INTO "stock" VALUES('2013/05/21',2919,'マルタイ',398,398,393,393,3000);
INSERT INTO "stock" VALUES('2013/05/21',2922,'なとり',951,953,947,949,6600);
INSERT INTO "stock" VALUES('2013/05/21',2923,'サトウ食品工業',2080,2080,2074,2074,300);
INSERT INTO "stock" VALUES('2013/05/21',2924,'イフジ産業',889,932,878,924,38000);
INSERT INTO "stock" VALUES('2013/05/21',2925,'ピックルスコーポレーション',662,679,662,678,7500);
INSERT INTO "stock" VALUES('2013/05/21',2926,'篠崎屋',16690,16790,16000,16580,462);
INSERT INTO "stock" VALUES('2013/05/21',2927,'アムスライフサイエンス',703,704,702,703,6300);
INSERT INTO "stock" VALUES('2013/05/21',2929,'ファーマフーズ',111400,111500,103100,106600,1106);
INSERT INTO "stock" VALUES('2013/05/21',3001,'片倉工業',1624,1624,1588,1594,91900);
INSERT INTO "stock" VALUES('2013/05/21',3002,'グンゼ',279,285,276,285,1478000);
INSERT INTO "stock" VALUES('2013/05/21',3003,'昭栄',1036,1040,998,1003,2146700);
INSERT INTO "stock" VALUES('2013/05/21',3004,'神栄',195,197,191,197,197000);
INSERT INTO "stock" VALUES('2013/05/21',3010,'上毛',41,42,40,40,902000);
INSERT INTO "stock" VALUES('2013/05/21',3011,'松佳',85,87,83,86,515600);
INSERT INTO "stock" VALUES('2013/05/21',3020,'アプライド',1374,1374,1371,1372,1000);
INSERT INTO "stock" VALUES('2013/05/21',3021,'パシフィックネット',504,507,497,498,7800);
INSERT INTO "stock" VALUES('2013/05/21',3022,'山下医科器械',2350,2355,2311,2344,18300);
INSERT INTO "stock" VALUES('2013/05/21',3023,'ラサ商事',467,467,456,462,30200);
INSERT INTO "stock" VALUES('2013/05/21',3024,'クリエイト',565,565,565,565,600);
INSERT INTO "stock" VALUES('2013/05/21',3027,'レデイ薬局',499,499,490,490,4000);
INSERT INTO "stock" VALUES('2013/05/21',3028,'アルペン',2021,2022,1980,1980,140200);
INSERT INTO "stock" VALUES('2013/05/21',3030,'ハブ',425000,425000,410000,418000,17);
INSERT INTO "stock" VALUES('2013/05/21',3031,'ラクーン',580,587,551,555,38000);
INSERT INTO "stock" VALUES('2013/05/21',3034,'クオール',802,808,801,804,30600);
INSERT INTO "stock" VALUES('2013/05/21',3035,'ケイティケイ',248,248,245,246,1900);
INSERT INTO "stock" VALUES('2013/05/21',3036,'アルコニックス',2130,2260,2130,2209,249100);
INSERT INTO "stock" VALUES('2013/05/21',3037,'スタイライフ',73200,73200,73200,73200,1);
INSERT INTO "stock" VALUES('2013/05/21',3038,'神戸物産',2320,2320,2302,2313,17200);
INSERT INTO "stock" VALUES('2013/05/21',3040,'ソリトンシステムズ',1569,1569,1490,1537,29000);
INSERT INTO "stock" VALUES('2013/05/21',3041,'ビューティ花壇',69100,70900,65900,68000,369);
INSERT INTO "stock" VALUES('2013/05/21',3042,'セキュアヴェイル',423,424,389,402,35700);
INSERT INTO "stock" VALUES('2013/05/21',3043,'モジュレ',945,945,860,860,14600);
INSERT INTO "stock" VALUES('2013/05/21',3045,'カワサキ',1400,1410,1395,1395,1300);
INSERT INTO "stock" VALUES('2013/05/21',3046,'ジェイアイエヌ',5560,5690,5450,5470,299900);
INSERT INTO "stock" VALUES('2013/05/21',3048,'ビックカメラ',43700,43950,43500,43800,4508);
INSERT INTO "stock" VALUES('2013/05/21',3053,'ペッパーフードサービス',104800,105000,102000,103700,121);
INSERT INTO "stock" VALUES('2013/05/21',3054,'ハイパーコンセプション',611,623,611,613,6900);
INSERT INTO "stock" VALUES('2013/05/21',3058,'三洋堂書店',910,910,907,909,13400);
INSERT INTO "stock" VALUES('2013/05/21',3059,'ヒラキ',575,575,571,573,800);
INSERT INTO "stock" VALUES('2013/05/21',3060,'マガシーク',0,0,0,134000,0);
INSERT INTO "stock" VALUES('2013/05/21',3063,'ジェイプロジェクト',144800,149900,142900,145500,55);
INSERT INTO "stock" VALUES('2013/05/21',3064,'ＭｏｎｏｔａＲＯ',3290,3295,3130,3175,395500);
INSERT INTO "stock" VALUES('2013/05/21',3065,'ライフフーズ',222,222,222,222,1000);
INSERT INTO "stock" VALUES('2013/05/21',3067,'東京一番フーズ',24500,25000,24500,24550,14);
INSERT INTO "stock" VALUES('2013/05/21',3068,'ＷＤＩ',653,665,652,660,7000);
INSERT INTO "stock" VALUES('2013/05/21',3070,'アマガサ',847,850,833,846,2800);
INSERT INTO "stock" VALUES('2013/05/21',3071,'ストリーム',49500,49500,49050,49050,15);
INSERT INTO "stock" VALUES('2013/05/21',3073,'ダイヤモンドダイニング',135900,136100,134100,134300,33);
INSERT INTO "stock" VALUES('2013/05/21',3075,'銚子丸',3180,3190,3155,3190,7500);
INSERT INTO "stock" VALUES('2013/05/21',3077,'ホリイフードサービス',1200,1201,1156,1162,4200);
INSERT INTO "stock" VALUES('2013/05/21',3079,'ディーブイエックス',2400,2400,2222,2228,17000);
INSERT INTO "stock" VALUES('2013/05/21',3080,'ジェーソン',240,241,239,240,2600);
INSERT INTO "stock" VALUES('2013/05/21',3082,'きちり',2980,2995,2900,2954,7300);
INSERT INTO "stock" VALUES('2013/05/21',3083,'シーズメン',131500,132500,130100,130100,26);
INSERT INTO "stock" VALUES('2013/05/21',3085,'アークランドサービス',2550,2650,2481,2482,32600);
INSERT INTO "stock" VALUES('2013/05/21',3086,'Ｊフロント',738,741,729,738,3204000);
INSERT INTO "stock" VALUES('2013/05/21',3089,'テクノアルファ',1226,1232,1220,1221,3900);
INSERT INTO "stock" VALUES('2013/05/21',3090,'ナチュラム',70900,70900,67600,68000,9);
INSERT INTO "stock" VALUES('2013/05/21',3091,'ブロンコビリー',3730,3740,3650,3720,6000);
INSERT INTO "stock" VALUES('2013/05/21',3092,'スタートトゥデイ',1700,1714,1662,1698,644400);
INSERT INTO "stock" VALUES('2013/05/21',3093,'トレジャー・ファクトリー',1533,1533,1480,1483,4800);
INSERT INTO "stock" VALUES('2013/05/21',3094,'スーパーバリュー',1660,1730,1660,1687,6200);
INSERT INTO "stock" VALUES('2013/05/21',3096,'オーシャンシステム',753,763,751,762,6600);
INSERT INTO "stock" VALUES('2013/05/21',3097,'物語コーポレーション',4415,4480,4300,4375,26600);
INSERT INTO "stock" VALUES('2013/05/21',3101,'東洋紡',173,182,172,182,24769000);
INSERT INTO "stock" VALUES('2013/05/21',3103,'ユニチカ',63,67,62,67,28986000);
INSERT INTO "stock" VALUES('2013/05/21',3104,'富士紡績',263,265,261,264,1697000);
INSERT INTO "stock" VALUES('2013/05/21',3105,'日清紡',803,844,803,844,854000);
INSERT INTO "stock" VALUES('2013/05/21',3106,'クラボウ',187,196,186,193,1061000);
INSERT INTO "stock" VALUES('2013/05/21',3107,'ダイワボウ',178,182,177,181,2406000);
INSERT INTO "stock" VALUES('2013/05/21',3109,'シキボウ',132,133,129,132,3405000);
INSERT INTO "stock" VALUES('2013/05/21',3110,'日東紡',369,408,369,405,2001000);
INSERT INTO "stock" VALUES('2013/05/21',3111,'オーミケンシ',66,66,64,65,263000);
INSERT INTO "stock" VALUES('2013/05/21',3113,'ビーエスエル',100,100,96,96,294200);
INSERT INTO "stock" VALUES('2013/05/21',3116,'豊田紡織',1678,1693,1660,1689,648100);
INSERT INTO "stock" VALUES('2013/05/21',3121,'アセット・インベスターズ',135,135,130,130,36500);
INSERT INTO "stock" VALUES('2013/05/21',3123,'サイボー',581,581,580,580,500);
INSERT INTO "stock" VALUES('2013/05/21',3125,'新内外綿',83,83,82,83,10000);
INSERT INTO "stock" VALUES('2013/05/21',3140,'イデアインターナショナル',590,597,590,597,300);
INSERT INTO "stock" VALUES('2013/05/21',3143,'オーウイル',709,713,707,710,1300);
INSERT INTO "stock" VALUES('2013/05/21',3147,'リックコーポレーション',425,426,423,424,2900);
INSERT INTO "stock" VALUES('2013/05/21',3150,'ユビキタスエナジー',1030,1049,940,960,31900);
INSERT INTO "stock" VALUES('2013/05/21',3153,'八洲電機',409,413,408,412,31800);
INSERT INTO "stock" VALUES('2013/05/21',3154,'協和医科ホールディングス',3190,3190,3105,3130,2600);
INSERT INTO "stock" VALUES('2013/05/21',3157,'ジューテックホールディングス',684,684,657,669,13000);
INSERT INTO "stock" VALUES('2013/05/21',3160,'大光',610,610,605,608,16700);
INSERT INTO "stock" VALUES('2013/05/21',3161,'アゼアス',450,459,449,459,26000);
INSERT INTO "stock" VALUES('2013/05/21',3163,'トータル・メディカルサービス',1393,1393,1375,1375,1200);
INSERT INTO "stock" VALUES('2013/05/21',3165,'フーマイスターエレクトロニクス',970,980,960,973,4000);
INSERT INTO "stock" VALUES('2013/05/21',3201,'日本毛織',834,836,830,833,68000);
INSERT INTO "stock" VALUES('2013/05/21',3202,'大東紡織',75,77,75,76,286000);
INSERT INTO "stock" VALUES('2013/05/21',3204,'トーア紡コーポレーション',78,79,77,79,1033000);
INSERT INTO "stock" VALUES('2013/05/21',3205,'ダイドーリミテッド',718,718,713,714,36400);
INSERT INTO "stock" VALUES('2013/05/21',3209,'カネヨウ',57,58,57,58,9000);
INSERT INTO "stock" VALUES('2013/05/21',3225,'東京建物不動産販売',591,591,568,569,129900);
INSERT INTO "stock" VALUES('2013/05/21',3230,'スター・マイカ',1474,1474,1415,1426,20800);
INSERT INTO "stock" VALUES('2013/05/21',3231,'野村不動産ホールディングス',2649,2649,2588,2595,2147000);
INSERT INTO "stock" VALUES('2013/05/21',3235,'トラストパーク',84000,84100,80300,80500,310);
INSERT INTO "stock" VALUES('2013/05/21',3236,'プロパスト',6050,6090,5580,5670,68102);
INSERT INTO "stock" VALUES('2013/05/21',3237,'イントランス',57000,58000,56000,58000,109);
INSERT INTO "stock" VALUES('2013/05/21',3238,'セントラル総合開発',449,450,436,440,60300);
INSERT INTO "stock" VALUES('2013/05/21',3240,'野村不動産レジデンシャル投資法人',585000,585000,561000,569000,1193);
INSERT INTO "stock" VALUES('2013/05/21',3241,'ウィル不動産販売',386,387,372,376,34000);
INSERT INTO "stock" VALUES('2013/05/21',3242,'アーバネットコーポレーション',82600,83000,74000,77700,2552);
INSERT INTO "stock" VALUES('2013/05/21',3243,'ダイヨシトラスト',1061,1061,1061,1061,900);
INSERT INTO "stock" VALUES('2013/05/21',3244,'サムティ',125400,126200,121300,123000,1901);
INSERT INTO "stock" VALUES('2013/05/21',3245,'ディア・ライフ',800,800,765,776,12600);
INSERT INTO "stock" VALUES('2013/05/21',3246,'コーセーアールイー',555,563,528,529,9000);
INSERT INTO "stock" VALUES('2013/05/21',3248,'アールエイジ',970,970,920,920,15900);
INSERT INTO "stock" VALUES('2013/05/21',3250,'エー・ディー・ワークス',8100,8500,7400,7550,45118);
INSERT INTO "stock" VALUES('2013/05/21',3251,'駐車場綜合研究所',324,329,313,314,55000);
INSERT INTO "stock" VALUES('2013/05/21',3254,'プレサンスコーポレーション',4000,4000,3840,3860,25000);
INSERT INTO "stock" VALUES('2013/05/21',3258,'常和ホールディングス',2920,2955,2810,2825,105700);
INSERT INTO "stock" VALUES('2013/05/21',3264,'アスコット',194,195,180,184,277900);
INSERT INTO "stock" VALUES('2013/05/21',3266,'ファンドクリエーショングループ',121,121,113,118,389900);
INSERT INTO "stock" VALUES('2013/05/21',3268,'一建設',6760,6870,6420,6520,87900);
INSERT INTO "stock" VALUES('2013/05/21',3271,'ＴＨＥグローバル社',622,632,603,626,21500);
INSERT INTO "stock" VALUES('2013/05/21',3274,'アイディホーム',5590,5590,5300,5380,11900);
INSERT INTO "stock" VALUES('2013/05/21',3275,'ハウスコム',901,902,900,900,4200);
INSERT INTO "stock" VALUES('2013/05/21',3276,'日本管理センター',1234,1234,1207,1219,43600);
INSERT INTO "stock" VALUES('2013/05/21',3302,'帝国繊維',830,835,830,832,34000);
INSERT INTO "stock" VALUES('2013/05/21',3306,'日本製麻',41,42,41,42,368000);
INSERT INTO "stock" VALUES('2013/05/21',3313,'ブックオフコーポレーション',702,709,701,706,65700);
INSERT INTO "stock" VALUES('2013/05/21',3315,'三井鉱山',125,130,125,130,3692500);
INSERT INTO "stock" VALUES('2013/05/21',3316,'東京日産コンピュータシステム',120000,127200,119300,125000,82);
INSERT INTO "stock" VALUES('2013/05/21',3317,'ライングガーデン',615,619,600,619,10400);
INSERT INTO "stock" VALUES('2013/05/21',3318,'メガネスーパー',126,128,122,126,128900);
INSERT INTO "stock" VALUES('2013/05/21',3319,'ゴルフダイジェスト・オンライン',20300,20500,19410,19410,243);
INSERT INTO "stock" VALUES('2013/05/21',3320,'クロスプラス',918,922,913,922,2700);
INSERT INTO "stock" VALUES('2013/05/21',3321,'ミタチ産業',567,567,558,561,8400);
INSERT INTO "stock" VALUES('2013/05/21',3322,'アルファグループ',67000,70000,67000,70000,48);
INSERT INTO "stock" VALUES('2013/05/21',3323,'レカム',2220,2220,2101,2154,1003);
INSERT INTO "stock" VALUES('2013/05/21',3325,'ケンコーコム',282600,286600,270000,270000,718);
INSERT INTO "stock" VALUES('2013/05/21',3326,'ランシステム',81000,81000,80300,80900,24);
INSERT INTO "stock" VALUES('2013/05/21',3328,'ネットプライス',74100,74500,69000,74400,1124);
INSERT INTO "stock" VALUES('2013/05/21',3329,'東和フードサービス',2438,2439,2432,2432,1900);
INSERT INTO "stock" VALUES('2013/05/21',3331,'雑貨屋ブルドッグ',301,305,296,300,40900);
INSERT INTO "stock" VALUES('2013/05/21',3333,'あさひ',1750,1777,1727,1771,156400);
INSERT INTO "stock" VALUES('2013/05/21',3341,'日本調剤',3210,3235,3100,3200,33090);
INSERT INTO "stock" VALUES('2013/05/21',3344,'ワンダーコーポレーション',95600,95600,94400,95500,27);
INSERT INTO "stock" VALUES('2013/05/21',3347,'トラスト',26800,28920,26450,28530,4119);
INSERT INTO "stock" VALUES('2013/05/21',3349,'コスモス薬品',12380,12510,12160,12430,136200);
INSERT INTO "stock" VALUES('2013/05/21',3350,'ダイキサウンド',183,188,173,173,288200);
INSERT INTO "stock" VALUES('2013/05/21',3352,'バッファロー',90000,104000,90000,104000,301);
INSERT INTO "stock" VALUES('2013/05/21',3353,'メディカル一光',2900,2900,2900,2900,100);
INSERT INTO "stock" VALUES('2013/05/21',3355,'クリヤマ',1320,1330,1230,1270,40600);
INSERT INTO "stock" VALUES('2013/05/21',3356,'テリロジー',9300,9300,8930,9200,512);
INSERT INTO "stock" VALUES('2013/05/21',3358,'ワイエスフード',20880,20880,20000,20010,29);
INSERT INTO "stock" VALUES('2013/05/21',3359,'タイセイ',1357,1360,1242,1249,32900);
INSERT INTO "stock" VALUES('2013/05/21',3360,'グリーンホスピタルサプライ',3985,4020,3915,3990,431700);
INSERT INTO "stock" VALUES('2013/05/21',3361,'トーエル',533,535,525,528,33800);
INSERT INTO "stock" VALUES('2013/05/21',3370,'フジタコーポレーション',57000,57000,53000,53100,20);
INSERT INTO "stock" VALUES('2013/05/21',3371,'ソフトクリエイト',1880,1898,1868,1873,7500);
INSERT INTO "stock" VALUES('2013/05/21',3372,'関門海',13330,14390,12570,12630,861);
INSERT INTO "stock" VALUES('2013/05/21',3374,'内外テック',135,135,135,135,2000);
INSERT INTO "stock" VALUES('2013/05/21',3375,'ＺＯＡ',58600,59600,58600,59600,12);
INSERT INTO "stock" VALUES('2013/05/21',3376,'オンリー',101900,101900,98100,99100,101);
INSERT INTO "stock" VALUES('2013/05/21',3377,'アイケイコーポレーション',24530,24530,24210,24510,281);
INSERT INTO "stock" VALUES('2013/05/21',3382,'セブン＆アイ・ホールディングス',3870,3880,3805,3845,2123800);
INSERT INTO "stock" VALUES('2013/05/21',3385,'薬王堂',2453,2508,2453,2495,3500);
INSERT INTO "stock" VALUES('2013/05/21',3386,'コスモ・バイオ',2545,2700,2480,2544,153700);
INSERT INTO "stock" VALUES('2013/05/21',3387,'クリエイト・レストランツ',3270,3270,3110,3155,35700);
INSERT INTO "stock" VALUES('2013/05/21',3388,'明治電機工業',620,620,602,615,10800);
INSERT INTO "stock" VALUES('2013/05/21',3390,'ユニバーサルソリューションシステムズ',3125,3450,2851,2856,4608);
INSERT INTO "stock" VALUES('2013/05/21',3391,'ツルハホールディングス',9060,9060,8780,8970,102400);
INSERT INTO "stock" VALUES('2013/05/21',3392,'デリカフーズ',502,509,500,505,25500);
INSERT INTO "stock" VALUES('2013/05/21',3393,'スターティア',1555,1557,1504,1513,25100);
INSERT INTO "stock" VALUES('2013/05/21',3394,'ネットワークバリューコンポネンツ',370000,372000,317500,320000,314);
INSERT INTO "stock" VALUES('2013/05/21',3395,'サンマルクホールディングス',5210,5380,5160,5330,45500);
INSERT INTO "stock" VALUES('2013/05/21',3396,'フェリシモ',1203,1208,1198,1200,3200);
INSERT INTO "stock" VALUES('2013/05/21',3397,'トリドール',1330,1336,1301,1326,276600);
INSERT INTO "stock" VALUES('2013/05/21',3398,'クスリのアオキ',7050,7150,7000,7120,67900);
INSERT INTO "stock" VALUES('2013/05/21',3399,'丸千代山岡家',896,896,867,867,300);
INSERT INTO "stock" VALUES('2013/05/21',3401,'帝人',261,272,259,271,13999000);
INSERT INTO "stock" VALUES('2013/05/21',3402,'東レ',751,772,746,767,12304000);
INSERT INTO "stock" VALUES('2013/05/21',3405,'クラレ',1614,1642,1606,1639,2378900);
INSERT INTO "stock" VALUES('2013/05/21',3407,'旭化成',726,740,726,739,6934000);
INSERT INTO "stock" VALUES('2013/05/21',3408,'サカイオーベックス',145,146,143,144,475000);
INSERT INTO "stock" VALUES('2013/05/21',3409,'北日本紡績',40,41,39,40,126000);
INSERT INTO "stock" VALUES('2013/05/21',3420,'ケー・エフ・シー',625,625,625,625,1000);
INSERT INTO "stock" VALUES('2013/05/21',3421,'稲葉製作所',1585,1585,1565,1566,29800);
INSERT INTO "stock" VALUES('2013/05/21',3423,'エスイー',681,681,660,667,77000);
INSERT INTO "stock" VALUES('2013/05/21',3424,'ミヤコ',845,845,845,845,200);
INSERT INTO "stock" VALUES('2013/05/21',3426,'アトムリビンテック',0,0,0,998,0);
INSERT INTO "stock" VALUES('2013/05/21',3431,'宮地エンジニアリンググループ',167,171,167,168,358000);
INSERT INTO "stock" VALUES('2013/05/21',3433,'トーカロ',1614,1631,1557,1580,141900);
INSERT INTO "stock" VALUES('2013/05/21',3435,'サンコーテクノ',3195,3195,3005,3020,5800);
INSERT INTO "stock" VALUES('2013/05/21',3436,'ＳＵＭＣＯ',1337,1396,1304,1393,3219000);
INSERT INTO "stock" VALUES('2013/05/21',3437,'特殊電極',200,202,199,200,25000);
INSERT INTO "stock" VALUES('2013/05/21',3439,'三ツ知',0,0,0,850,0);
INSERT INTO "stock" VALUES('2013/05/21',3440,'日創プロニティ',10440,11490,10240,11490,23800);
INSERT INTO "stock" VALUES('2013/05/21',3441,'山王',360,365,360,364,7400);
INSERT INTO "stock" VALUES('2013/05/21',3501,'住江織物',284,284,277,280,194000);
INSERT INTO "stock" VALUES('2013/05/21',3512,'日本フエルト',458,458,454,454,8100);
INSERT INTO "stock" VALUES('2013/05/21',3513,'市川毛織',281,294,275,275,223000);
INSERT INTO "stock" VALUES('2013/05/21',3514,'日本バイリーン',537,537,523,531,298000);
INSERT INTO "stock" VALUES('2013/05/21',3515,'フジコー',524,524,524,524,1000);
INSERT INTO "stock" VALUES('2013/05/21',3521,'エコナック',62,64,61,63,649000);
INSERT INTO "stock" VALUES('2013/05/21',3524,'日東製網',156,158,153,158,167000);
INSERT INTO "stock" VALUES('2013/05/21',3526,'芦森工業',150,159,148,158,589000);
INSERT INTO "stock" VALUES('2013/05/21',3528,'グローベルズ',82,82,79,79,802000);
INSERT INTO "stock" VALUES('2013/05/21',3529,'アツギ',118,122,118,121,2382000);
INSERT INTO "stock" VALUES('2013/05/21',3551,'ダイニック',193,193,191,193,62000);
INSERT INTO "stock" VALUES('2013/05/21',3553,'共和レザー',326,335,326,331,40400);
INSERT INTO "stock" VALUES('2013/05/21',3569,'セーレン',725,730,714,722,119700);
INSERT INTO "stock" VALUES('2013/05/21',3571,'ソトー',930,941,926,940,12400);
INSERT INTO "stock" VALUES('2013/05/21',3577,'東海染工',126,126,123,126,242000);
INSERT INTO "stock" VALUES('2013/05/21',3578,'倉庫精練',138,138,138,138,1000);
INSERT INTO "stock" VALUES('2013/05/21',3580,'小松精練',527,531,525,528,31000);
INSERT INTO "stock" VALUES('2013/05/21',3583,'オーベクス',121,121,118,118,89000);
INSERT INTO "stock" VALUES('2013/05/21',3587,'アイビーダイワ',44,44,43,43,337100);
INSERT INTO "stock" VALUES('2013/05/21',3591,'ワコール',1059,1059,1040,1049,449000);
INSERT INTO "stock" VALUES('2013/05/21',3593,'ホギメディカル',6090,6130,5920,5940,57700);
INSERT INTO "stock" VALUES('2013/05/21',3597,'自重堂',1026,1030,1026,1030,2000);
INSERT INTO "stock" VALUES('2013/05/21',3598,'山喜',174,174,170,170,8300);
INSERT INTO "stock" VALUES('2013/05/21',3599,'コーコス信岡',589,589,589,589,200);
INSERT INTO "stock" VALUES('2013/05/21',3600,'フジックス',305,306,305,306,4000);
INSERT INTO "stock" VALUES('2013/05/21',3604,'川本産業',417,423,417,417,22200);
INSERT INTO "stock" VALUES('2013/05/21',3606,'レナウンダーバンホールディングス',157,157,155,156,515100);
INSERT INTO "stock" VALUES('2013/05/21',3607,'クラウディア',1370,1385,1370,1375,2500);
INSERT INTO "stock" VALUES('2013/05/21',3620,'デジタルハーツ',3195,3195,2951,3090,209300);
INSERT INTO "stock" VALUES('2013/05/21',3623,'ビリングシステム',101100,101600,95000,95000,207);
INSERT INTO "stock" VALUES('2013/05/21',3624,'アクセルマーク',620,625,585,589,13200);
INSERT INTO "stock" VALUES('2013/05/21',3625,'テックファーム',210000,210000,191000,192600,528);
INSERT INTO "stock" VALUES('2013/05/21',3627,'プライムワークス',72300,73500,70100,71300,435);
INSERT INTO "stock" VALUES('2013/05/21',3628,'データホライゾン',612,648,580,583,35200);
INSERT INTO "stock" VALUES('2013/05/21',3629,'クロス・マーケティング',1406,1475,1350,1360,59800);
INSERT INTO "stock" VALUES('2013/05/21',3632,'グリー',1014,1014,992,1000,5926400);
INSERT INTO "stock" VALUES('2013/05/21',3633,'ｐａｐｅｒｂｏｙ＆ｃｏ．',4250,4270,4120,4200,4400);
INSERT INTO "stock" VALUES('2013/05/21',3634,'ソケッツ',1140,1180,1121,1169,1700);
INSERT INTO "stock" VALUES('2013/05/21',3636,'三菱総合研究所',2104,2130,2075,2084,8500);
INSERT INTO "stock" VALUES('2013/05/21',3649,'ピーエスシー',5520,5820,5210,5430,114800);
INSERT INTO "stock" VALUES('2013/05/21',3654,'ヒト・コミュニケーションズ',1274,1274,1226,1231,24800);
INSERT INTO "stock" VALUES('2013/05/21',3710,'ジョルダン',643,654,640,645,3000);
INSERT INTO "stock" VALUES('2013/05/21',3711,'創通エージェンシー',3050,3140,3050,3140,5500);
INSERT INTO "stock" VALUES('2013/05/21',3712,'情報企画',79000,79500,78600,79000,33);
INSERT INTO "stock" VALUES('2013/05/21',3715,'ドワンゴ',621000,622000,575000,576000,13382);
INSERT INTO "stock" VALUES('2013/05/21',3719,'ビジネスバンクコンサルティング',102,103,99,101,145800);
INSERT INTO "stock" VALUES('2013/05/21',3723,'日本ファルコム',1074,1085,1021,1033,76500);
INSERT INTO "stock" VALUES('2013/05/21',3724,'ベリサーブ',235000,244200,220000,239000,194);
INSERT INTO "stock" VALUES('2013/05/21',3726,'ＳＤホールディングス',190,195,185,190,10500);
INSERT INTO "stock" VALUES('2013/05/21',3727,'アプリックス',610,610,560,586,154900);
INSERT INTO "stock" VALUES('2013/05/21',3730,'マクロミル',1520,1520,1478,1494,264800);
INSERT INTO "stock" VALUES('2013/05/21',3731,'京王ズ',378,384,370,372,14900);
INSERT INTO "stock" VALUES('2013/05/21',3733,'ソフトウェア・サービス',4250,4300,4015,4090,21700);
INSERT INTO "stock" VALUES('2013/05/21',3734,'エム・ピー・テクノロジーズ',50100,52700,47600,50200,1081);
INSERT INTO "stock" VALUES('2013/05/21',3738,'三井物産テレパーク',1019,1020,994,995,88300);
INSERT INTO "stock" VALUES('2013/05/21',3741,'セック',4125,4125,3830,3905,26400);
INSERT INTO "stock" VALUES('2013/05/21',3742,'デュオシステムズ',172500,196000,140000,169500,14680);
INSERT INTO "stock" VALUES('2013/05/21',3744,'テンアートニ',81800,81800,79000,79100,270);
INSERT INTO "stock" VALUES('2013/05/21',3747,'インタートレード',371,382,355,359,86300);
INSERT INTO "stock" VALUES('2013/05/21',3750,'ゼィープラスホールディングス',28,29,28,28,1311000);
INSERT INTO "stock" VALUES('2013/05/21',3751,'ジー・エフ',9290,10190,7890,8250,363863);
INSERT INTO "stock" VALUES('2013/05/21',3752,'ワイズマン',36100,36200,36050,36100,25);
INSERT INTO "stock" VALUES('2013/05/21',3753,'フライトシステムコンサルティング',37000,37000,28500,30000,2911);
INSERT INTO "stock" VALUES('2013/05/21',3754,'エキサイト',90000,90000,86100,86800,158);
INSERT INTO "stock" VALUES('2013/05/21',3756,'豆蔵',107100,107700,100400,101100,2156);
INSERT INTO "stock" VALUES('2013/05/21',3758,'アエリア',141000,145000,137000,137000,375);
INSERT INTO "stock" VALUES('2013/05/21',3760,'ケイブ',127700,127700,113500,116800,864);
INSERT INTO "stock" VALUES('2013/05/21',3762,'テクマトリックス',688,688,658,668,121100);
INSERT INTO "stock" VALUES('2013/05/21',3763,'プロシップ',2200,2220,2135,2140,68200);
INSERT INTO "stock" VALUES('2013/05/21',3765,'ガンホー・オンライン・エンターテイメント',1201000,1216000,1020000,1034000,50175);
INSERT INTO "stock" VALUES('2013/05/21',3766,'システムズ・デザイン',400,410,399,399,12100);
INSERT INTO "stock" VALUES('2013/05/21',3768,'スクモンスター',905,925,834,850,133000);
INSERT INTO "stock" VALUES('2013/05/21',3769,'ＧＭＯペイメントゲートウェイ',2373,2390,2200,2255,87500);
INSERT INTO "stock" VALUES('2013/05/21',3770,'ザッパラス',90100,93000,90100,91700,1121);
INSERT INTO "stock" VALUES('2013/05/21',3771,'システムリサーチ',1640,1644,1630,1633,5800);
INSERT INTO "stock" VALUES('2013/05/21',3772,'ドリームバイザー・ドット・コム',95700,99700,89000,91600,460);
INSERT INTO "stock" VALUES('2013/05/21',3773,'アドバンスト・メディア',222500,222700,191500,202500,5204);
INSERT INTO "stock" VALUES('2013/05/21',3774,'インターネットイニシアティブ',3700,3745,3560,3595,262700);
INSERT INTO "stock" VALUES('2013/05/21',3776,'ブロードバンドタワー',178,178,170,172,407500);
INSERT INTO "stock" VALUES('2013/05/21',3777,'ターボリナックス',880,880,750,800,6031);
INSERT INTO "stock" VALUES('2013/05/21',3778,'さくらインターネット',755,755,739,742,10500);
INSERT INTO "stock" VALUES('2013/05/21',3779,'ジェイ・エスコム　ホールディングス',97,97,94,96,105200);
INSERT INTO "stock" VALUES('2013/05/21',3782,'ディー・ディー・エス',14600,15750,13500,13810,4859);
INSERT INTO "stock" VALUES('2013/05/21',3784,'ヴィンキュラム　ジャパン',201500,202100,201100,201100,36);
INSERT INTO "stock" VALUES('2013/05/21',3785,'エイティング',1450,1505,1400,1435,35200);
INSERT INTO "stock" VALUES('2013/05/21',3787,'テクノマセマティカル',227100,235800,217100,218000,540);
INSERT INTO "stock" VALUES('2013/05/21',3788,'ＧＭＯホスティング＆セキュリティ',182100,182500,167500,168100,3160);
INSERT INTO "stock" VALUES('2013/05/21',3790,'日本オフィス・システム',1288,1288,1265,1265,400);
INSERT INTO "stock" VALUES('2013/05/21',3791,'プロダクション・アイジー',211000,215200,184400,190500,2517);
INSERT INTO "stock" VALUES('2013/05/21',3793,'ドリコム',193700,194500,166300,171700,5080);
INSERT INTO "stock" VALUES('2013/05/21',3794,'エヌ・デーソフトウェア',1335,1350,1300,1306,19300);
INSERT INTO "stock" VALUES('2013/05/21',3796,'いい生活',36800,37350,36050,36050,148);
INSERT INTO "stock" VALUES('2013/05/21',3798,'ウルシステムズ',120900,123500,118100,120000,220);
INSERT INTO "stock" VALUES('2013/05/21',3799,'キーウェアソリューションズ',440,444,438,444,7500);
INSERT INTO "stock" VALUES('2013/05/21',3800,'ビーエスピー',1751,1755,1740,1740,3500);
INSERT INTO "stock" VALUES('2013/05/21',3803,'イメージ情報開発',0,0,0,119800,0);
INSERT INTO "stock" VALUES('2013/05/21',3804,'システム　ディ',354,354,327,329,31700);
INSERT INTO "stock" VALUES('2013/05/21',3807,'フィスコ',114400,119700,106800,108600,830);
INSERT INTO "stock" VALUES('2013/05/21',3810,'サイバーステップ',113100,115000,98700,103000,1008);
INSERT INTO "stock" VALUES('2013/05/21',3811,'ビットアイル',1600,1600,1525,1540,68400);
INSERT INTO "stock" VALUES('2013/05/21',3814,'アルファクス・フード・システム',73900,75200,73000,74900,22);
INSERT INTO "stock" VALUES('2013/05/21',3815,'メディア工房',144000,145900,126600,126600,2126);
INSERT INTO "stock" VALUES('2013/05/21',3816,'大和コンピューター',2200,2250,2120,2120,7700);
INSERT INTO "stock" VALUES('2013/05/21',3822,'ＪＳＣ',926,926,901,910,3000);
INSERT INTO "stock" VALUES('2013/05/21',3823,'アクロディア',27000,27000,23860,24400,1155);
INSERT INTO "stock" VALUES('2013/05/21',3825,'リミックスポイント',19000,20000,18100,19500,240);
INSERT INTO "stock" VALUES('2013/05/21',3827,'ジャパンインベスト・グループ・ピー・エル・シー',29960,30500,21000,21510,7698);
INSERT INTO "stock" VALUES('2013/05/21',3828,'ニフティ',154800,154800,151500,151500,165);
INSERT INTO "stock" VALUES('2013/05/21',3831,'パイプドビッツ',3905,4070,3680,3805,229100);
INSERT INTO "stock" VALUES('2013/05/21',3832,'Ｔ＆Ｃホールディングス',68000,68500,56600,56600,10474);
INSERT INTO "stock" VALUES('2013/05/21',3834,'朝日ネット',490,490,478,482,85000);
INSERT INTO "stock" VALUES('2013/05/21',3835,'ｅＢＡＳＥ',1390,1428,1330,1370,24700);
INSERT INTO "stock" VALUES('2013/05/21',3836,'ディーバ',1600,1615,1562,1566,7200);
INSERT INTO "stock" VALUES('2013/05/21',3837,'アドソル日進',1458,1477,1421,1477,800);
INSERT INTO "stock" VALUES('2013/05/21',3839,'ＯＤＫソリューションズ',41500,41500,39300,39650,908);
INSERT INTO "stock" VALUES('2013/05/21',3840,'イー・キャッシュ',17000,21500,15100,16800,6827);
INSERT INTO "stock" VALUES('2013/05/21',3841,'ジーダット',686,686,686,686,100);
INSERT INTO "stock" VALUES('2013/05/21',3842,'ネクストジェン',115900,116000,107800,112100,168);
INSERT INTO "stock" VALUES('2013/05/21',3843,'フリービット',744,867,691,803,1762800);
INSERT INTO "stock" VALUES('2013/05/21',3844,'コムチュア',2116,2116,1999,2029,39700);
INSERT INTO "stock" VALUES('2013/05/21',3845,'アイフリーク',12200,12610,11400,11410,1666);
INSERT INTO "stock" VALUES('2013/05/21',3847,'パシフィックシステム',0,0,0,1900,0);
INSERT INTO "stock" VALUES('2013/05/21',3848,'データ・アプリケーション',240000,246000,217100,218100,580);
INSERT INTO "stock" VALUES('2013/05/21',3850,'エヌ・ティ・ティ・データ・イントラマート',2910,2949,2620,2725,54400);
INSERT INTO "stock" VALUES('2013/05/21',3851,'日本一ソフトウェア',671,684,671,677,18900);
INSERT INTO "stock" VALUES('2013/05/21',3852,'サイバーコム',1920,1970,1885,1889,6000);
INSERT INTO "stock" VALUES('2013/05/21',3853,'インフォテリア',244,249,234,235,99100);
INSERT INTO "stock" VALUES('2013/05/21',3854,'アイル',1333,1366,1301,1303,5600);
INSERT INTO "stock" VALUES('2013/05/21',3856,'リアルコム',51400,52900,50800,52300,676);
INSERT INTO "stock" VALUES('2013/05/21',3857,'ラックホールディングス',820,825,786,791,430800);
INSERT INTO "stock" VALUES('2013/05/21',3858,'ユビキタス',250000,252500,229600,230900,3457);
INSERT INTO "stock" VALUES('2013/05/21',3859,'シナジーマーケティング',930,938,858,888,120400);
INSERT INTO "stock" VALUES('2013/05/21',3861,'王子製紙',412,420,411,416,4663000);
INSERT INTO "stock" VALUES('2013/05/21',3864,'三菱製紙',104,120,103,118,9105000);
INSERT INTO "stock" VALUES('2013/05/21',3865,'北越製紙',511,524,509,522,450500);
INSERT INTO "stock" VALUES('2013/05/21',3877,'中越パルプ工業',153,158,152,158,419000);
INSERT INTO "stock" VALUES('2013/05/21',3878,'巴川製紙所',192,193,187,192,62000);
INSERT INTO "stock" VALUES('2013/05/21',3880,'大王製紙',662,669,656,664,116000);
INSERT INTO "stock" VALUES('2013/05/21',3891,'ニッポン高度紙工業',935,985,927,982,31000);
INSERT INTO "stock" VALUES('2013/05/21',3892,'岡山製紙',414,416,414,416,4000);
INSERT INTO "stock" VALUES('2013/05/21',3895,'ハビックス',446,448,443,445,11000);
INSERT INTO "stock" VALUES('2013/05/21',3941,'レンゴー',554,574,554,573,747000);
INSERT INTO "stock" VALUES('2013/05/21',3943,'大石産業',622,622,610,610,6000);
INSERT INTO "stock" VALUES('2013/05/21',3944,'古林紙工',136,138,136,138,7000);
INSERT INTO "stock" VALUES('2013/05/21',3945,'スーパーバッグ',150,153,149,153,33000);
INSERT INTO "stock" VALUES('2013/05/21',3946,'トーモク',335,340,332,334,322000);
INSERT INTO "stock" VALUES('2013/05/21',3947,'大日本紙業',274,280,274,280,17000);
INSERT INTO "stock" VALUES('2013/05/21',3948,'光ビジネスフォーム',415,415,414,414,3000);
INSERT INTO "stock" VALUES('2013/05/21',3950,'ザ・パック',1927,1927,1905,1908,15400);
INSERT INTO "stock" VALUES('2013/05/21',3951,'朝日印刷',2700,2700,2620,2620,6900);
INSERT INTO "stock" VALUES('2013/05/21',3953,'大村紙業',0,0,0,539,0);
INSERT INTO "stock" VALUES('2013/05/21',3954,'昭和パックス',0,0,0,493,0);
INSERT INTO "stock" VALUES('2013/05/21',3955,'イムラ封筒',170,170,165,168,15000);
INSERT INTO "stock" VALUES('2013/05/21',3956,'国際チャート',295,295,293,293,1200);
INSERT INTO "stock" VALUES('2013/05/21',4003,'コープケミカル',152,157,149,151,1219000);
INSERT INTO "stock" VALUES('2013/05/21',4004,'昭和電工',168,181,168,175,49758000);
INSERT INTO "stock" VALUES('2013/05/21',4005,'住友化学工業',398,416,397,402,21015000);
INSERT INTO "stock" VALUES('2013/05/21',4007,'日本化成',160,167,158,166,1735000);
INSERT INTO "stock" VALUES('2013/05/21',4008,'住友精化',420,427,419,422,227000);
INSERT INTO "stock" VALUES('2013/05/21',4021,'日産化学工業',1450,1484,1443,1465,617900);
INSERT INTO "stock" VALUES('2013/05/21',4022,'ラサ工業',145,152,144,148,2217000);
INSERT INTO "stock" VALUES('2013/05/21',4023,'呉羽化学工業',378,391,378,389,2645000);
INSERT INTO "stock" VALUES('2013/05/21',4025,'多木化学',637,644,629,639,6000);
INSERT INTO "stock" VALUES('2013/05/21',4026,'神島化学工業',278,285,278,280,24000);
INSERT INTO "stock" VALUES('2013/05/21',4027,'テイカ',302,314,299,314,161000);
INSERT INTO "stock" VALUES('2013/05/21',4028,'石原産業',87,89,85,88,9200000);
INSERT INTO "stock" VALUES('2013/05/21',4031,'片倉チッカリン',316,316,310,312,88000);
INSERT INTO "stock" VALUES('2013/05/21',4033,'日東エフシー',655,660,643,660,29500);
INSERT INTO "stock" VALUES('2013/05/21',4041,'日本曹達',518,540,518,539,1204000);
INSERT INTO "stock" VALUES('2013/05/21',4042,'東ソー',371,391,368,383,6981000);
INSERT INTO "stock" VALUES('2013/05/21',4043,'トクヤマ',355,415,350,387,72856000);
INSERT INTO "stock" VALUES('2013/05/21',4044,'セントラル硝子',343,362,343,361,1926000);
INSERT INTO "stock" VALUES('2013/05/21',4045,'東亞合成',461,467,460,465,396000);
INSERT INTO "stock" VALUES('2013/05/21',4046,'ダイソー',311,315,311,315,215000);
INSERT INTO "stock" VALUES('2013/05/21',4047,'関東電化工業',296,347,295,337,4139000);
INSERT INTO "stock" VALUES('2013/05/21',4061,'電気化学工業',387,404,383,396,7825000);
INSERT INTO "stock" VALUES('2013/05/21',4062,'イビデン',1888,1959,1866,1943,1482900);
INSERT INTO "stock" VALUES('2013/05/21',4063,'信越化学工業',7150,7300,7150,7250,1219900);
INSERT INTO "stock" VALUES('2013/05/21',4064,'日本カーバイド工業',438,465,435,449,3046000);
INSERT INTO "stock" VALUES('2013/05/21',4078,'堺化学工業',314,320,314,317,235000);
INSERT INTO "stock" VALUES('2013/05/21',4080,'田中化学研究所',472,546,451,522,252400);
INSERT INTO "stock" VALUES('2013/05/21',4082,'第一稀元素化学工業',2141,2172,2141,2160,4900);
INSERT INTO "stock" VALUES('2013/05/21',4088,'エアー・ウォーター',1610,1620,1556,1563,1063000);
INSERT INTO "stock" VALUES('2013/05/21',4091,'日本酸素',834,834,819,831,1127000);
INSERT INTO "stock" VALUES('2013/05/21',4092,'日本化学工業',147,152,146,152,1709000);
INSERT INTO "stock" VALUES('2013/05/21',4093,'東邦アセチレン',139,140,137,140,184000);
INSERT INTO "stock" VALUES('2013/05/21',4094,'日本化学産業',712,729,712,729,15000);
INSERT INTO "stock" VALUES('2013/05/21',4095,'日本パーカライジング',1979,1983,1940,1962,71000);
INSERT INTO "stock" VALUES('2013/05/21',4097,'高圧ガス工業',572,588,572,582,69000);
INSERT INTO "stock" VALUES('2013/05/21',4098,'チタン工業',245,293,242,277,3791000);
INSERT INTO "stock" VALUES('2013/05/21',4099,'四国化成工業',703,704,696,704,48000);
INSERT INTO "stock" VALUES('2013/05/21',4100,'戸田工業',336,385,335,369,3578000);
INSERT INTO "stock" VALUES('2013/05/21',4102,'丸尾カルシウム',178,181,178,181,9000);
INSERT INTO "stock" VALUES('2013/05/21',4107,'伊勢化学工業',790,815,788,814,57000);
INSERT INTO "stock" VALUES('2013/05/21',4109,'ステラケミファ',1844,1910,1834,1895,184900);
INSERT INTO "stock" VALUES('2013/05/21',4112,'保土谷化学工業',215,220,213,219,677000);
INSERT INTO "stock" VALUES('2013/05/21',4113,'田岡化学工業',189,190,187,187,17000);
INSERT INTO "stock" VALUES('2013/05/21',4114,'日本触媒',1120,1195,1112,1176,2166000);
INSERT INTO "stock" VALUES('2013/05/21',4115,'本州化学工業',630,630,620,620,2000);
INSERT INTO "stock" VALUES('2013/05/21',4116,'大日精化工業',464,479,463,477,435000);
INSERT INTO "stock" VALUES('2013/05/21',4117,'川崎化成工業',130,134,128,134,160000);
INSERT INTO "stock" VALUES('2013/05/21',4118,'鐘淵化学工業',680,696,676,696,2242000);
INSERT INTO "stock" VALUES('2013/05/21',4119,'日本ピグメント',239,240,234,240,43000);
INSERT INTO "stock" VALUES('2013/05/21',4120,'スガイ化学工業',187,209,187,190,317000);
INSERT INTO "stock" VALUES('2013/05/21',4151,'協和発酵工業',1218,1227,1209,1227,753000);
INSERT INTO "stock" VALUES('2013/05/21',4182,'三菱ガス化学',838,867,825,861,3098000);
INSERT INTO "stock" VALUES('2013/05/21',4183,'三井化学',268,297,267,288,26750000);
INSERT INTO "stock" VALUES('2013/05/21',4185,'ＪＳＲ',2255,2328,2249,2292,1155400);
INSERT INTO "stock" VALUES('2013/05/21',4186,'東京応化工業',2412,2451,2380,2442,178400);
INSERT INTO "stock" VALUES('2013/05/21',4187,'大阪有機化学工業',473,495,471,477,63900);
INSERT INTO "stock" VALUES('2013/05/21',4188,'三菱ケミカルホールディングス',563,593,563,567,12884500);
INSERT INTO "stock" VALUES('2013/05/21',4201,'日本合成化学工業',1189,1189,1130,1152,611000);
INSERT INTO "stock" VALUES('2013/05/21',4202,'ダイセル化学工業',904,906,892,904,1688000);
INSERT INTO "stock" VALUES('2013/05/21',4203,'住友ベークライト',442,448,436,440,3079000);
INSERT INTO "stock" VALUES('2013/05/21',4204,'積水化学工業',1206,1206,1171,1181,2724000);
INSERT INTO "stock" VALUES('2013/05/21',4205,'日本ゼオン',1178,1199,1171,1179,1073000);
INSERT INTO "stock" VALUES('2013/05/21',4206,'アイカ工業',2094,2099,2071,2094,108400);
INSERT INTO "stock" VALUES('2013/05/21',4208,'宇部興産',224,239,223,235,16387000);
INSERT INTO "stock" VALUES('2013/05/21',4212,'積水樹脂',1426,1428,1371,1371,34000);
INSERT INTO "stock" VALUES('2013/05/21',4215,'タキロン',415,434,407,433,272000);
INSERT INTO "stock" VALUES('2013/05/21',4216,'旭有機材工業',235,238,233,237,244000);
INSERT INTO "stock" VALUES('2013/05/21',4217,'日立化成工業',1760,1799,1750,1778,650000);
INSERT INTO "stock" VALUES('2013/05/21',4218,'ニチバン',420,424,418,421,35000);
INSERT INTO "stock" VALUES('2013/05/21',4220,'リケンテクノス',328,340,327,339,104000);
INSERT INTO "stock" VALUES('2013/05/21',4221,'大倉工業',453,465,453,458,134000);
INSERT INTO "stock" VALUES('2013/05/21',4222,'児玉化学工業',107,116,106,116,1990000);
INSERT INTO "stock" VALUES('2013/05/21',4224,'ロンシール工業',134,137,130,133,1045000);
INSERT INTO "stock" VALUES('2013/05/21',4228,'積水化成品工業',269,281,269,279,348000);
INSERT INTO "stock" VALUES('2013/05/21',4229,'群栄化学工業',240,245,237,243,130000);
INSERT INTO "stock" VALUES('2013/05/21',4231,'タイガースポリマー',427,428,416,425,33800);
INSERT INTO "stock" VALUES('2013/05/21',4234,'サンエー化研',584,587,580,581,21200);
INSERT INTO "stock" VALUES('2013/05/21',4235,'第一化成',356,361,356,357,24000);
INSERT INTO "stock" VALUES('2013/05/21',4237,'フジプレアム',515,515,515,515,79200);
INSERT INTO "stock" VALUES('2013/05/21',4238,'ミライアル',2299,2299,2210,2237,18600);
INSERT INTO "stock" VALUES('2013/05/21',4239,'ポラテクノ',750,750,730,733,34400);
INSERT INTO "stock" VALUES('2013/05/21',4240,'クラスターテクノロジー',34800,35450,33700,34500,318);
INSERT INTO "stock" VALUES('2013/05/21',4241,'アテクト',342,370,341,352,8700);
INSERT INTO "stock" VALUES('2013/05/21',4242,'タカギセイコー',284,286,284,286,7000);
INSERT INTO "stock" VALUES('2013/05/21',4243,'ニックス',459,459,440,440,3400);
INSERT INTO "stock" VALUES('2013/05/21',4271,'日本カーリット',699,699,676,677,45200);
INSERT INTO "stock" VALUES('2013/05/21',4272,'日本化薬',1225,1298,1223,1291,1655000);
INSERT INTO "stock" VALUES('2013/05/21',4274,'細谷火工',357,357,357,357,1000);
INSERT INTO "stock" VALUES('2013/05/21',4281,'デジタル・アドバタイジング・コンソーシアム',502,512,491,491,250100);
INSERT INTO "stock" VALUES('2013/05/21',4282,'イーピーエス',151700,152500,147000,147700,1704);
INSERT INTO "stock" VALUES('2013/05/21',4283,'松下電工インフォメーションシステムズ',2450,2484,2448,2484,5100);
INSERT INTO "stock" VALUES('2013/05/21',4284,'ソルクシーズ',420,420,412,415,33600);
INSERT INTO "stock" VALUES('2013/05/21',4286,'レッグス',567,567,546,551,7700);
INSERT INTO "stock" VALUES('2013/05/21',4287,'ジャストプランニング',70900,71000,69800,69800,23);
INSERT INTO "stock" VALUES('2013/05/21',4288,'アズジェント',80500,82000,78700,79100,542);
INSERT INTO "stock" VALUES('2013/05/21',4290,'プレステージ・インターナショナル',1362,1440,1345,1430,71200);
INSERT INTO "stock" VALUES('2013/05/21',4291,'ジェー・アイ・イー・シー',110500,114800,110500,114800,31);
INSERT INTO "stock" VALUES('2013/05/21',4293,'セプテーニ',170000,176000,166600,166600,2236);
INSERT INTO "stock" VALUES('2013/05/21',4295,'フェイス',11400,11470,11130,11210,2732);
INSERT INTO "stock" VALUES('2013/05/21',4298,'プロトコーポレーション',1505,1515,1498,1499,43300);
INSERT INTO "stock" VALUES('2013/05/21',4299,'ハイマックス',744,754,743,754,8200);
INSERT INTO "stock" VALUES('2013/05/21',4301,'アミューズ',2475,2475,2403,2416,22300);
INSERT INTO "stock" VALUES('2013/05/21',4304,'イーストアー',145300,146900,144900,146900,43);
INSERT INTO "stock" VALUES('2013/05/21',4307,'野村総合研究所',2930,2956,2914,2953,503100);
INSERT INTO "stock" VALUES('2013/05/21',4308,'ジェイストリーム',75000,75100,70900,71500,229);
INSERT INTO "stock" VALUES('2013/05/21',4310,'ドリームインキュベータ',178100,179800,170400,171800,1017);
INSERT INTO "stock" VALUES('2013/05/21',4312,'サイバネットシステム',35950,35950,33600,34200,1112);
INSERT INTO "stock" VALUES('2013/05/21',4316,'ビーマップ',137500,141200,129800,129800,853);
INSERT INTO "stock" VALUES('2013/05/21',4317,'レイ',242,244,240,242,34100);
INSERT INTO "stock" VALUES('2013/05/21',4318,'クイック',343,343,329,329,21100);
INSERT INTO "stock" VALUES('2013/05/21',4319,'タック',235,237,231,232,70300);
INSERT INTO "stock" VALUES('2013/05/21',4320,'シーエスアイ',2102,2130,1902,1930,75400);
INSERT INTO "stock" VALUES('2013/05/21',4321,'ケネディ・ウィルソン・ジャパン',65000,66000,59600,60500,277296);
INSERT INTO "stock" VALUES('2013/05/21',4323,'日本システム技術',671,675,669,670,20200);
INSERT INTO "stock" VALUES('2013/05/21',4324,'電通',3625,3685,3610,3680,668400);
INSERT INTO "stock" VALUES('2013/05/21',4326,'インテージ',2768,2787,2768,2781,8200);
INSERT INTO "stock" VALUES('2013/05/21',4327,'日本エス・エイチ・エル',1970,1980,1970,1980,2700);
INSERT INTO "stock" VALUES('2013/05/21',4331,'テイクアンドギヴ・ニーズ',21160,21190,20060,20280,15630);
INSERT INTO "stock" VALUES('2013/05/21',4333,'東邦システムサイエンス',677,677,663,665,5700);
INSERT INTO "stock" VALUES('2013/05/21',4334,'ユークス',345,348,339,340,15400);
INSERT INTO "stock" VALUES('2013/05/21',4335,'アイ・ピー・エス',39200,39500,38000,38200,79);
INSERT INTO "stock" VALUES('2013/05/21',4336,'クリエアナブキ',490,490,490,490,200);
INSERT INTO "stock" VALUES('2013/05/21',4337,'ぴあ',1653,1677,1622,1629,11400);
INSERT INTO "stock" VALUES('2013/05/21',4340,'シンプレクス・テクノロジー',43850,43850,41950,42300,1936);
INSERT INTO "stock" VALUES('2013/05/21',4341,'西菱電機',1020,1020,1020,1020,1000);
INSERT INTO "stock" VALUES('2013/05/21',4342,'セコム上信越',2378,2399,2378,2399,300);
INSERT INTO "stock" VALUES('2013/05/21',4343,'イオンファンタジー',1852,1852,1804,1810,40600);
INSERT INTO "stock" VALUES('2013/05/21',4344,'ソースネクスト',715,716,676,694,177700);
INSERT INTO "stock" VALUES('2013/05/21',4345,'シーティーエス',1390,1390,1342,1365,10900);
INSERT INTO "stock" VALUES('2013/05/21',4346,'ネクシィーズ',427,427,403,408,63400);
INSERT INTO "stock" VALUES('2013/05/21',4347,'クラビット',488,488,442,488,5503100);
INSERT INTO "stock" VALUES('2013/05/21',4348,'インフォコム',189500,189500,180600,183100,677);
INSERT INTO "stock" VALUES('2013/05/21',4350,'メディカルシステムネットワーク',487,490,460,467,227500);
INSERT INTO "stock" VALUES('2013/05/21',4351,'山田債権回収管理総合事務所',789,792,760,761,5000);
INSERT INTO "stock" VALUES('2013/05/21',4355,'日本ロングライフ',439,439,425,438,33500);
INSERT INTO "stock" VALUES('2013/05/21',4356,'応用技術',63000,63000,59100,61000,108);
INSERT INTO "stock" VALUES('2013/05/21',4358,'ティー・ワイ・オー',197,197,190,191,219000);
INSERT INTO "stock" VALUES('2013/05/21',4361,'川口化学工業',121,122,121,121,11000);
INSERT INTO "stock" VALUES('2013/05/21',4362,'日本精化',676,680,670,671,19200);
INSERT INTO "stock" VALUES('2013/05/21',4364,'マナック',447,447,447,447,100);
INSERT INTO "stock" VALUES('2013/05/21',4365,'松本油脂製薬',2390,2390,2390,2390,500);
INSERT INTO "stock" VALUES('2013/05/21',4366,'ダイトーケミックス',177,177,177,177,1000);
INSERT INTO "stock" VALUES('2013/05/21',4367,'広栄化学工業',212,215,211,212,15000);
INSERT INTO "stock" VALUES('2013/05/21',4368,'扶桑化学工業',2980,2980,2861,2930,4100);
INSERT INTO "stock" VALUES('2013/05/21',4369,'トリケミカル研究所',265,309,265,309,752200);
INSERT INTO "stock" VALUES('2013/05/21',4401,'旭電化工業',998,1010,982,1001,339500);
INSERT INTO "stock" VALUES('2013/05/21',4403,'日本油脂',563,577,558,562,1376000);
INSERT INTO "stock" VALUES('2013/05/21',4404,'ミヨシ油脂',168,170,165,168,360000);
INSERT INTO "stock" VALUES('2013/05/21',4406,'新日本理化',285,289,278,281,337700);
INSERT INTO "stock" VALUES('2013/05/21',4409,'東邦化学工業',300,300,300,300,1000);
INSERT INTO "stock" VALUES('2013/05/21',4410,'ハリマ化成',506,525,502,519,29200);
INSERT INTO "stock" VALUES('2013/05/21',4452,'花王',3510,3515,3435,3445,1540600);
INSERT INTO "stock" VALUES('2013/05/21',4461,'第一工業製薬',270,277,269,276,349000);
INSERT INTO "stock" VALUES('2013/05/21',4462,'石原薬品',1580,1602,1580,1602,3000);
INSERT INTO "stock" VALUES('2013/05/21',4464,'ソフト９９ コーポレーション',720,720,710,714,5200);
INSERT INTO "stock" VALUES('2013/05/21',4465,'ニイタカ',1075,1080,1069,1070,8500);
INSERT INTO "stock" VALUES('2013/05/21',4471,'三洋化成工業',648,656,647,648,189000);
INSERT INTO "stock" VALUES('2013/05/21',4502,'武田薬品工業',4945,4960,4920,4945,2825900);
INSERT INTO "stock" VALUES('2013/05/21',4503,'山之内製薬',5690,5700,5560,5690,2003300);
INSERT INTO "stock" VALUES('2013/05/21',4506,'大日本製薬',1715,1719,1678,1717,2066700);
INSERT INTO "stock" VALUES('2013/05/21',4507,'塩野義製薬',2269,2281,2231,2251,1841900);
INSERT INTO "stock" VALUES('2013/05/21',4508,'田辺製薬',1388,1393,1370,1370,2832500);
INSERT INTO "stock" VALUES('2013/05/21',4512,'わかもと製薬',313,314,311,314,27000);
INSERT INTO "stock" VALUES('2013/05/21',4514,'帝国臓器製薬',726,734,725,734,37000);
INSERT INTO "stock" VALUES('2013/05/21',4516,'日本新薬',1729,1757,1720,1726,297000);
INSERT INTO "stock" VALUES('2013/05/21',4517,'ビオフェルミン製薬',2800,2800,2761,2790,3900);
INSERT INTO "stock" VALUES('2013/05/21',4519,'中外製薬',2422,2437,2395,2428,881700);
INSERT INTO "stock" VALUES('2013/05/21',4521,'科研製薬',1733,1733,1711,1715,281000);
INSERT INTO "stock" VALUES('2013/05/21',4523,'エーザイ',4450,4495,4440,4480,1201600);
INSERT INTO "stock" VALUES('2013/05/21',4524,'森下仁丹',610,614,608,612,103000);
INSERT INTO "stock" VALUES('2013/05/21',4526,'理研ビタミン',2330,2333,2328,2333,1100);
INSERT INTO "stock" VALUES('2013/05/21',4527,'ロート製薬',1525,1550,1523,1542,333000);
INSERT INTO "stock" VALUES('2013/05/21',4528,'小野薬品工業',6640,6650,6420,6640,248900);
INSERT INTO "stock" VALUES('2013/05/21',4530,'久光製薬',5600,5620,5460,5520,131200);
INSERT INTO "stock" VALUES('2013/05/21',4531,'有機合成薬品工業',323,324,312,313,39000);
INSERT INTO "stock" VALUES('2013/05/21',4534,'持田製薬',1451,1466,1447,1455,226000);
INSERT INTO "stock" VALUES('2013/05/21',4536,'参天製薬',4500,4530,4415,4415,206400);
INSERT INTO "stock" VALUES('2013/05/21',4538,'扶桑薬品工業',400,409,396,407,328000);
INSERT INTO "stock" VALUES('2013/05/21',4539,'日本ケミファ',636,639,629,635,103000);
INSERT INTO "stock" VALUES('2013/05/21',4540,'ツムラ',3135,3135,3090,3115,287800);
INSERT INTO "stock" VALUES('2013/05/21',4541,'日本医薬品工業',2505,2509,2471,2499,127500);
INSERT INTO "stock" VALUES('2013/05/21',4543,'テルモ',5250,5390,5250,5320,637400);
INSERT INTO "stock" VALUES('2013/05/21',4544,'富士レビオ',4915,4930,4835,4915,171300);
INSERT INTO "stock" VALUES('2013/05/21',4547,'キッセイ薬品工業',2119,2136,2074,2117,161500);
INSERT INTO "stock" VALUES('2013/05/21',4548,'生化学工業',1335,1338,1315,1330,133000);
INSERT INTO "stock" VALUES('2013/05/21',4549,'栄研化学',2068,2069,2000,2029,247400);
INSERT INTO "stock" VALUES('2013/05/21',4550,'日水製薬',1230,1230,1191,1201,41700);
INSERT INTO "stock" VALUES('2013/05/21',4551,'鳥居薬品',2221,2252,2210,2247,54100);
INSERT INTO "stock" VALUES('2013/05/21',4552,'日本ケミカルリサーチ',2600,2635,2470,2532,207500);
INSERT INTO "stock" VALUES('2013/05/21',4553,'東和薬品',4700,4710,4665,4695,42800);
INSERT INTO "stock" VALUES('2013/05/21',4554,'富士製薬工業',2197,2197,2142,2156,30700);
INSERT INTO "stock" VALUES('2013/05/21',4555,'沢井製薬',12190,12260,12040,12190,65200);
INSERT INTO "stock" VALUES('2013/05/21',4556,'カイノス',880,880,802,834,45000);
INSERT INTO "stock" VALUES('2013/05/21',4557,'医学生物学研究所',816,840,786,806,259000);
INSERT INTO "stock" VALUES('2013/05/21',4558,'中京医薬品',351,351,344,346,24800);
INSERT INTO "stock" VALUES('2013/05/21',4559,'ゼリア新薬工業',1568,1568,1539,1560,64000);
INSERT INTO "stock" VALUES('2013/05/21',4563,'アンジェスエムジー',335000,335500,310000,319000,4602);
INSERT INTO "stock" VALUES('2013/05/21',4564,'オンコセラピー・サイエンス',338000,343500,310000,316500,7041);
INSERT INTO "stock" VALUES('2013/05/21',4565,'そーせい',5320,5340,4905,5010,199300);
INSERT INTO "stock" VALUES('2013/05/21',4568,'第一三共',1961,1972,1925,1947,2413600);
INSERT INTO "stock" VALUES('2013/05/21',4569,'キョーリン',2450,2499,2431,2496,274600);
INSERT INTO "stock" VALUES('2013/05/21',4570,'免疫生物研究所',30350,30750,28700,29000,15550);
INSERT INTO "stock" VALUES('2013/05/21',4571,'ナノキャリア',427000,427500,385000,386500,16892);
INSERT INTO "stock" VALUES('2013/05/21',4572,'カルナバイオサイエンス',165900,170300,159300,161500,1722);
INSERT INTO "stock" VALUES('2013/05/21',4573,'アールテック・ウエノ',556000,564000,505000,510000,1104);
INSERT INTO "stock" VALUES('2013/05/21',4574,'大幸薬品',1705,1716,1646,1654,171100);
INSERT INTO "stock" VALUES('2013/05/21',4575,'キャンバス',2975,3050,2705,2809,165100);
INSERT INTO "stock" VALUES('2013/05/21',4576,'デ・ウエスタン・セラピテクス研究所',2381,2485,2003,2111,1799000);
INSERT INTO "stock" VALUES('2013/05/21',4579,'ラクオリア創薬',1350,1400,1305,1326,125600);
INSERT INTO "stock" VALUES('2013/05/21',4582,'シンバイオ製薬',890,919,798,820,1068200);
INSERT INTO "stock" VALUES('2013/05/21',4611,'大日本塗料',173,178,171,178,1854000);
INSERT INTO "stock" VALUES('2013/05/21',4612,'日本ペイント',1202,1230,1188,1201,830000);
INSERT INTO "stock" VALUES('2013/05/21',4613,'関西ペイント',1427,1427,1386,1404,896000);
INSERT INTO "stock" VALUES('2013/05/21',4614,'トウペ',148,151,143,145,48000);
INSERT INTO "stock" VALUES('2013/05/21',4615,'神東塗料',255,260,253,256,78000);
INSERT INTO "stock" VALUES('2013/05/21',4616,'川上塗料',96,96,94,96,41000);
INSERT INTO "stock" VALUES('2013/05/21',4617,'中国塗料',511,523,511,517,190000);
INSERT INTO "stock" VALUES('2013/05/21',4619,'日本特殊塗料',448,453,442,442,44400);
INSERT INTO "stock" VALUES('2013/05/21',4620,'藤倉化成',484,498,479,483,140900);
INSERT INTO "stock" VALUES('2013/05/21',4621,'ロックペイント',578,579,578,579,6000);
INSERT INTO "stock" VALUES('2013/05/21',4623,'アサヒペン',151,151,150,151,56000);
INSERT INTO "stock" VALUES('2013/05/21',4624,'イサム塗料',439,439,439,439,2000);
INSERT INTO "stock" VALUES('2013/05/21',4625,'アトミクス',0,0,0,442,0);
INSERT INTO "stock" VALUES('2013/05/21',4626,'太陽インキ製造',3565,3635,3565,3610,54500);
INSERT INTO "stock" VALUES('2013/05/21',4627,'ナトコ',848,869,841,869,1400);
INSERT INTO "stock" VALUES('2013/05/21',4628,'エスケー化研',5670,5670,5670,5670,1000);
INSERT INTO "stock" VALUES('2013/05/21',4629,'大伸化学',1064,1070,1064,1070,2000);
INSERT INTO "stock" VALUES('2013/05/21',4631,'大日本インキ化学工業',248,255,248,252,4965000);
INSERT INTO "stock" VALUES('2013/05/21',4633,'サカタインクス',771,780,766,779,105000);
INSERT INTO "stock" VALUES('2013/05/21',4634,'東洋インキ製造',492,499,491,494,697000);
INSERT INTO "stock" VALUES('2013/05/21',4635,'東京インキ',212,213,209,213,32000);
INSERT INTO "stock" VALUES('2013/05/21',4636,'Ｔ＆Ｋ　ＴＯＫＡ',2195,2212,2155,2188,34000);
INSERT INTO "stock" VALUES('2013/05/21',4640,'アンドール',653,654,602,610,61000);
INSERT INTO "stock" VALUES('2013/05/21',4641,'アルプス技研',1069,1073,1060,1060,38600);
INSERT INTO "stock" VALUES('2013/05/21',4642,'オリジナル設計',188,194,187,187,36500);
INSERT INTO "stock" VALUES('2013/05/21',4644,'イマジニア',870,870,840,844,35000);
INSERT INTO "stock" VALUES('2013/05/21',4645,'市進',268,268,266,268,4800);
INSERT INTO "stock" VALUES('2013/05/21',4650,'スガイ・エンタテインメント',369,369,367,367,200);
INSERT INTO "stock" VALUES('2013/05/21',4651,'サニックス',1508,1548,1333,1415,27368200);
INSERT INTO "stock" VALUES('2013/05/21',4653,'ダイオーズ',755,755,745,747,10400);
INSERT INTO "stock" VALUES('2013/05/21',4654,'ニチゾウテック',520,521,520,521,2000);
INSERT INTO "stock" VALUES('2013/05/21',4656,'サン・ライフ',904,910,880,910,3100);
INSERT INTO "stock" VALUES('2013/05/21',4657,'環境管理センター',763,763,719,739,40200);
INSERT INTO "stock" VALUES('2013/05/21',4658,'日本空調サービス',900,900,895,896,15700);
INSERT INTO "stock" VALUES('2013/05/21',4659,'エイジス',1297,1320,1297,1300,6100);
INSERT INTO "stock" VALUES('2013/05/21',4661,'オリエンタルランド',15350,15380,15190,15270,228800);
INSERT INTO "stock" VALUES('2013/05/21',4662,'フォーカスシステムズ',590,590,571,573,2700);
INSERT INTO "stock" VALUES('2013/05/21',4664,'ＲＳＣ',262,274,262,274,2400);
INSERT INTO "stock" VALUES('2013/05/21',4665,'ダスキン',1875,1897,1871,1892,139700);
INSERT INTO "stock" VALUES('2013/05/21',4666,'パーク２４',1890,1898,1851,1861,942800);
INSERT INTO "stock" VALUES('2013/05/21',4667,'アイサンテクノロジー',328,328,290,300,10200);
INSERT INTO "stock" VALUES('2013/05/21',4668,'明光ネットワークジャパン',1415,1415,1368,1374,79300);
INSERT INTO "stock" VALUES('2013/05/21',4669,'ニッパンレンタル',207,207,199,201,46000);
INSERT INTO "stock" VALUES('2013/05/21',4671,'ファルコバイオシステムズ',1681,1779,1648,1652,215900);
INSERT INTO "stock" VALUES('2013/05/21',4673,'川崎地質',787,787,722,722,10000);
INSERT INTO "stock" VALUES('2013/05/21',4674,'クレスコ',842,842,803,811,50200);
INSERT INTO "stock" VALUES('2013/05/21',4676,'フジテレビジョン',224700,225700,215500,216100,11579);
INSERT INTO "stock" VALUES('2013/05/21',4678,'秀英予備校',404,405,400,404,8300);
INSERT INTO "stock" VALUES('2013/05/21',4679,'田谷',767,769,761,761,4000);
INSERT INTO "stock" VALUES('2013/05/21',4680,'ラウンドワン',751,751,718,731,1269000);
INSERT INTO "stock" VALUES('2013/05/21',4681,'リゾートトラスト',3280,3285,3155,3175,218700);
INSERT INTO "stock" VALUES('2013/05/21',4684,'オービック',25510,25670,25270,25360,22030);
INSERT INTO "stock" VALUES('2013/05/21',4685,'菱友計算',538,549,538,541,5000);
INSERT INTO "stock" VALUES('2013/05/21',4686,'ジャストシステム',605,618,592,592,295300);
INSERT INTO "stock" VALUES('2013/05/21',4687,'ティーディーシーソフトウェアエンジニアリング',814,830,810,830,9000);
INSERT INTO "stock" VALUES('2013/05/21',4689,'ヤフー',52000,52100,50500,50900,91879);
INSERT INTO "stock" VALUES('2013/05/21',4690,'日本パレットプール',226,226,226,226,1000);
INSERT INTO "stock" VALUES('2013/05/21',4694,'ビー・エム・エル',2618,2638,2567,2588,102200);
INSERT INTO "stock" VALUES('2013/05/21',4695,'マイスターエンジニアリング',532,540,530,532,8700);
INSERT INTO "stock" VALUES('2013/05/21',4696,'ワタベウェディング',807,815,804,808,12100);
INSERT INTO "stock" VALUES('2013/05/21',4699,'ウチダエスコ',800,808,796,796,14000);
INSERT INTO "stock" VALUES('2013/05/21',4704,'トレンドマイクロ',3250,3280,3195,3265,602600);
INSERT INTO "stock" VALUES('2013/05/21',4705,'クリップコーポレーション',1089,1090,1080,1080,5200);
INSERT INTO "stock" VALUES('2013/05/21',4707,'キタック',268,275,266,275,4100);
INSERT INTO "stock" VALUES('2013/05/21',4708,'もしもしホットライン',1225,1232,1209,1232,650800);
INSERT INTO "stock" VALUES('2013/05/21',4709,'インフォメーション・ディベロプメント',529,529,520,520,2600);
INSERT INTO "stock" VALUES('2013/05/21',4711,'東急コミュニティー',5470,5490,5240,5270,53400);
INSERT INTO "stock" VALUES('2013/05/21',4712,'アドアーズ',155,156,146,148,712000);
INSERT INTO "stock" VALUES('2013/05/21',4713,'日信電子サービス',1189,1189,1186,1186,4600);
INSERT INTO "stock" VALUES('2013/05/21',4714,'リソー教育',11270,11290,11090,11180,21336);
INSERT INTO "stock" VALUES('2013/05/21',4716,'日本オラクル',4455,4485,4415,4480,173700);
INSERT INTO "stock" VALUES('2013/05/21',4718,'早稲田アカデミー',811,821,800,801,49600);
INSERT INTO "stock" VALUES('2013/05/21',4719,'アルファシステムズ',1350,1400,1304,1309,40900);
INSERT INTO "stock" VALUES('2013/05/21',4720,'城南進学研究社',301,301,290,294,14000);
INSERT INTO "stock" VALUES('2013/05/21',4722,'フューチャーシステムコンサルティング',53500,53800,50900,51300,861);
INSERT INTO "stock" VALUES('2013/05/21',4724,'シチエ',297,298,297,298,7400);
INSERT INTO "stock" VALUES('2013/05/21',4725,'シーエーシー',988,997,980,990,45900);
INSERT INTO "stock" VALUES('2013/05/21',4726,'ソフトバンクテクノロジー',1379,1379,1347,1352,26000);
INSERT INTO "stock" VALUES('2013/05/21',4728,'トーセ',688,696,688,689,6300);
INSERT INTO "stock" VALUES('2013/05/21',4732,'ユー・エス・エス',12980,13220,12820,13190,103410);
INSERT INTO "stock" VALUES('2013/05/21',4733,'オービックビジネスコンサルタント',6110,6110,5910,6010,7950);
INSERT INTO "stock" VALUES('2013/05/21',4734,'ビーイング',250,251,247,251,10000);
INSERT INTO "stock" VALUES('2013/05/21',4735,'京 進',213,214,210,213,7900);
INSERT INTO "stock" VALUES('2013/05/21',4736,'日本ラッド',317,373,270,271,988100);
INSERT INTO "stock" VALUES('2013/05/21',4739,'伊藤忠テクノサイエンス',4390,4410,4335,4395,210300);
INSERT INTO "stock" VALUES('2013/05/21',4743,'アイティフォー',508,512,490,501,188600);
INSERT INTO "stock" VALUES('2013/05/21',4744,'メッツ',8400,8500,8000,8200,5333);
INSERT INTO "stock" VALUES('2013/05/21',4745,'東京個別指導学院',235,235,230,230,85800);
INSERT INTO "stock" VALUES('2013/05/21',4746,'東計電算',1444,1444,1438,1440,7500);
INSERT INTO "stock" VALUES('2013/05/21',4748,'構造計画研究所',1539,1539,1477,1490,1800);
INSERT INTO "stock" VALUES('2013/05/21',4750,'ダイサン',445,450,445,450,7800);
INSERT INTO "stock" VALUES('2013/05/21',4751,'サイバーエージェント',218400,219400,207800,210600,17632);
INSERT INTO "stock" VALUES('2013/05/21',4752,'昭和システムエンジニアリング',375,390,374,390,18200);
INSERT INTO "stock" VALUES('2013/05/21',4754,'トスネット',425,425,417,421,2700);
INSERT INTO "stock" VALUES('2013/05/21',4755,'楽天',1280,1295,1276,1288,3311800);
INSERT INTO "stock" VALUES('2013/05/21',4760,'アルファ',217,226,199,206,54000);
INSERT INTO "stock" VALUES('2013/05/21',4761,'さくらケーシーエス',639,639,623,625,2800);
INSERT INTO "stock" VALUES('2013/05/21',4762,'エックスネット',144000,145000,143000,143400,26);
INSERT INTO "stock" VALUES('2013/05/21',4763,'クリーク・アンド・リバー',486,493,467,472,158400);
INSERT INTO "stock" VALUES('2013/05/21',4764,'デジタルデザイン',39350,40800,39300,40000,13);
INSERT INTO "stock" VALUES('2013/05/21',4765,'モーニングスター',126000,129000,116000,119000,824);
INSERT INTO "stock" VALUES('2013/05/21',4766,'ピーエイ',348,348,334,345,38000);
INSERT INTO "stock" VALUES('2013/05/21',4767,'テー・オー・ダブリュー',699,706,690,702,47200);
INSERT INTO "stock" VALUES('2013/05/21',4768,'大塚商会',10050,10130,10010,10070,131900);
INSERT INTO "stock" VALUES('2013/05/21',4769,'インフォメーションクリエーティブ',0,0,0,796,0);
INSERT INTO "stock" VALUES('2013/05/21',4770,'エルミックシステム',176,186,176,180,96200);
INSERT INTO "stock" VALUES('2013/05/21',4771,'エフアンドエム',233,237,230,236,12900);
INSERT INTO "stock" VALUES('2013/05/21',4772,'デジタルアドベンチャー',48,48,46,47,382000);
INSERT INTO "stock" VALUES('2013/05/21',4775,'総合メディカル',4030,4050,3960,3985,30000);
INSERT INTO "stock" VALUES('2013/05/21',4776,'サイボウズ',27000,27200,26600,26630,1088);
INSERT INTO "stock" VALUES('2013/05/21',4777,'ガーラ',23800,23800,20230,20240,4646);
INSERT INTO "stock" VALUES('2013/05/21',4779,'ソフトブレーン',16280,16280,15780,15800,3317);
INSERT INTO "stock" VALUES('2013/05/21',4781,'日本ハウズイング',0,0,0,2805,0);
INSERT INTO "stock" VALUES('2013/05/21',4783,'日本コンピュータ・ダイナミクス',317,325,317,320,5900);
INSERT INTO "stock" VALUES('2013/05/21',4784,'まぐクリック',113500,113500,107000,108000,227);
INSERT INTO "stock" VALUES('2013/05/21',4792,'東京ファイナンシャルプランナーズ',189200,195000,189000,190000,196);
INSERT INTO "stock" VALUES('2013/05/21',4793,'富士通ビー・エス・シー',823,830,823,823,7700);
INSERT INTO "stock" VALUES('2013/05/21',4798,'日本エル・シー・エー',10,10,9,10,2240700);
INSERT INTO "stock" VALUES('2013/05/21',4799,'アグレックス',900,900,890,892,6000);
INSERT INTO "stock" VALUES('2013/05/21',4800,'オリコン',360,360,355,356,21800);
INSERT INTO "stock" VALUES('2013/05/21',4801,'セントラルスポーツ',1580,1580,1570,1572,10000);
INSERT INTO "stock" VALUES('2013/05/21',4809,'パラカ',192000,192900,183600,184100,201);
INSERT INTO "stock" VALUES('2013/05/21',4812,'電通国際情報サービス',1249,1268,1233,1262,80100);
INSERT INTO "stock" VALUES('2013/05/21',4813,'ＡＣＣＥＳＳ',96000,97300,89200,90500,9318);
INSERT INTO "stock" VALUES('2013/05/21',4814,'ネクストウェア',38250,38250,24250,24250,14079);
INSERT INTO "stock" VALUES('2013/05/21',4816,'東映アニメーション',2562,2562,2480,2542,19800);
INSERT INTO "stock" VALUES('2013/05/21',4817,'ジュピターテレコム',122700,123000,122700,123000,374);
INSERT INTO "stock" VALUES('2013/05/21',4819,'デジタルガレージ',340000,344500,321500,321500,4989);
INSERT INTO "stock" VALUES('2013/05/21',4820,'イーエムシステムズ',2203,2260,2193,2259,44100);
INSERT INTO "stock" VALUES('2013/05/21',4824,'メディアシーク',74700,75600,66100,67000,1800);
INSERT INTO "stock" VALUES('2013/05/21',4825,'ウェザーニューズ',2389,2403,2375,2403,59300);
INSERT INTO "stock" VALUES('2013/05/21',4826,'シー・アイ・ジェイ',461,467,456,460,32400);
INSERT INTO "stock" VALUES('2013/05/21',4827,'ビジネス・ワン',30900,30900,29550,30600,46);
INSERT INTO "stock" VALUES('2013/05/21',4828,'東洋ビジネスエンジニアリング',1520,1543,1504,1543,600);
INSERT INTO "stock" VALUES('2013/05/21',4829,'日本エンタープライズ',25490,25490,22300,23000,2990);
INSERT INTO "stock" VALUES('2013/05/21',4832,'川鉄情報システム',87500,87500,86700,86700,20);
INSERT INTO "stock" VALUES('2013/05/21',4833,'ぱど',49200,49200,47500,48200,51);
INSERT INTO "stock" VALUES('2013/05/21',4834,'キャリアバンク',64600,64600,64000,64000,15);
INSERT INTO "stock" VALUES('2013/05/21',4835,'インデックス',2030,2032,1960,1979,12914);
INSERT INTO "stock" VALUES('2013/05/21',4837,'シダックス',530,530,502,517,126700);
INSERT INTO "stock" VALUES('2013/05/21',4838,'スペースシャワーネットワーク',46950,46950,45650,45700,150);
INSERT INTO "stock" VALUES('2013/05/21',4839,'WOWO',311500,311500,302500,305000,237);
INSERT INTO "stock" VALUES('2013/05/21',4840,'ドリームテクノロジーズ',2950,3000,2900,3000,4030);
INSERT INTO "stock" VALUES('2013/05/21',4842,'有線ブロードネットワークス',203,203,193,195,1327920);
INSERT INTO "stock" VALUES('2013/05/21',4845,'データベース・コミュニケーションズ',40000,40900,37000,39500,2026);
INSERT INTO "stock" VALUES('2013/05/21',4847,'インテリジェント ウェイブ',31500,31650,30000,31000,360);
INSERT INTO "stock" VALUES('2013/05/21',4848,'フルキャスト',29890,30750,27200,27670,17703);
INSERT INTO "stock" VALUES('2013/05/21',4849,'エン・ジャパン',206000,214500,196100,198600,952);
INSERT INTO "stock" VALUES('2013/05/21',4850,'ダウ・ケミカル',3625,3660,3625,3660,90);
INSERT INTO "stock" VALUES('2013/05/21',4875,'メディシノバ・インク',344,346,323,327,181800);
INSERT INTO "stock" VALUES('2013/05/21',4901,'富士写真フイルム',2469,2499,2444,2467,4925700);
INSERT INTO "stock" VALUES('2013/05/21',4902,'コニカ',795,815,781,800,3508000);
INSERT INTO "stock" VALUES('2013/05/21',4911,'資生堂',1568,1581,1554,1573,1709000);
INSERT INTO "stock" VALUES('2013/05/21',4912,'ライオン',634,636,626,635,466000);
INSERT INTO "stock" VALUES('2013/05/21',4914,'高砂香料工業',560,560,543,545,233000);
INSERT INTO "stock" VALUES('2013/05/21',4917,'マンダム',3555,3575,3490,3520,102900);
INSERT INTO "stock" VALUES('2013/05/21',4918,'アイビー化粧品',203,205,200,201,32000);
INSERT INTO "stock" VALUES('2013/05/21',4919,'ミルボン',3775,3775,3720,3720,9600);
INSERT INTO "stock" VALUES('2013/05/21',4920,'日本色材工業研究所',373,373,373,373,1000);
INSERT INTO "stock" VALUES('2013/05/21',4921,'ファンケル',1141,1168,1141,1161,193700);
INSERT INTO "stock" VALUES('2013/05/21',4922,'コーセー',2602,2626,2571,2587,109900);
INSERT INTO "stock" VALUES('2013/05/21',4923,'コタ',898,900,894,894,5900);
INSERT INTO "stock" VALUES('2013/05/21',4924,'ドクターシーラボ',324500,331500,324000,328000,1046);
INSERT INTO "stock" VALUES('2013/05/21',4925,'ハーバー研究所',3040,3040,3020,3025,2400);
INSERT INTO "stock" VALUES('2013/05/21',4926,'シーボン',2091,2111,2091,2111,6800);
INSERT INTO "stock" VALUES('2013/05/21',4951,'エステー化学',1008,1009,1000,1002,18600);
INSERT INTO "stock" VALUES('2013/05/21',4952,'エス・ディー・エスバイオテック',1419,1419,1419,1419,8600);
INSERT INTO "stock" VALUES('2013/05/21',4955,'アグロカネショウ',670,670,631,650,9400);
INSERT INTO "stock" VALUES('2013/05/21',4956,'コニシ',1770,1784,1747,1757,46100);
INSERT INTO "stock" VALUES('2013/05/21',4957,'ヤスハラケミカル',698,699,684,698,3000);
INSERT INTO "stock" VALUES('2013/05/21',4958,'長谷川香料',1462,1462,1440,1444,12500);
INSERT INTO "stock" VALUES('2013/05/21',4960,'ケミプロ化成',125,125,121,121,29000);
INSERT INTO "stock" VALUES('2013/05/21',4962,'互応化学工業',0,0,0,1120,0);
INSERT INTO "stock" VALUES('2013/05/21',4963,'日本ＰＭＣ',452,455,450,452,46000);
INSERT INTO "stock" VALUES('2013/05/21',4965,'曽田香料',811,811,811,811,200);
INSERT INTO "stock" VALUES('2013/05/21',4966,'上村工業',4745,4840,4705,4710,11500);
INSERT INTO "stock" VALUES('2013/05/21',4967,'小林製薬',5350,5350,5290,5320,61400);
INSERT INTO "stock" VALUES('2013/05/21',4968,'荒川化学工業',834,838,826,835,34700);
INSERT INTO "stock" VALUES('2013/05/21',4970,'東洋合成工業',545,545,524,530,9200);
INSERT INTO "stock" VALUES('2013/05/21',4971,'メック',658,660,630,634,123200);
INSERT INTO "stock" VALUES('2013/05/21',4972,'綜研化学',1725,1725,1675,1680,50800);
INSERT INTO "stock" VALUES('2013/05/21',4973,'日本高純度化学',267500,268900,260600,262900,125);
INSERT INTO "stock" VALUES('2013/05/21',4974,'タカラバイオ',3360,3535,3220,3265,1888800);
INSERT INTO "stock" VALUES('2013/05/21',4975,'荏原ユージライト',5190,5190,5020,5080,19300);
INSERT INTO "stock" VALUES('2013/05/21',4976,'東洋ドライルーブ',2030,2030,2000,2030,2400);
INSERT INTO "stock" VALUES('2013/05/21',4985,'アース製薬',3730,3730,3705,3715,21500);
INSERT INTO "stock" VALUES('2013/05/21',4987,'寺岡製作所',444,449,444,446,2100);
INSERT INTO "stock" VALUES('2013/05/21',4989,'イハラケミカル工業',750,765,720,735,141000);
INSERT INTO "stock" VALUES('2013/05/21',4990,'昭和化学工業',325,327,325,327,2000);
INSERT INTO "stock" VALUES('2013/05/21',4992,'北興化学工業',399,406,392,397,120000);
INSERT INTO "stock" VALUES('2013/05/21',4994,'大成ラミック',2450,2450,2435,2443,4500);
INSERT INTO "stock" VALUES('2013/05/21',4995,'サンケイ化学',129,129,129,129,1000);
INSERT INTO "stock" VALUES('2013/05/21',4996,'クミアイ化学工業',737,740,714,718,412000);
INSERT INTO "stock" VALUES('2013/05/21',4997,'日本農薬',1080,1081,1031,1046,843000);
INSERT INTO "stock" VALUES('2013/05/21',4998,'フマキラー',312,314,310,311,22000);
INSERT INTO "stock" VALUES('2013/05/21',4999,'セメダイン',398,398,398,398,2000);
INSERT INTO "stock" VALUES('2013/05/21',5002,'昭和シェル石油',890,917,876,914,2883200);
INSERT INTO "stock" VALUES('2013/05/21',5007,'コスモ石油',217,223,215,221,5361000);
INSERT INTO "stock" VALUES('2013/05/21',5008,'東亜石油',117,118,116,118,303000);
INSERT INTO "stock" VALUES('2013/05/21',5009,'富士興産',680,680,665,666,23100);
INSERT INTO "stock" VALUES('2013/05/21',5010,'日本精蝋',297,297,295,295,26000);
INSERT INTO "stock" VALUES('2013/05/21',5011,'ニチレキ',781,781,759,762,38000);
INSERT INTO "stock" VALUES('2013/05/21',5012,'東燃ゼネラル石油',1074,1097,1074,1095,1286000);
INSERT INTO "stock" VALUES('2013/05/21',5013,'ユシロ化学工業',1070,1093,1058,1088,19400);
INSERT INTO "stock" VALUES('2013/05/21',5015,'ペトロルブ・インターナショナル',474,474,465,471,8400);
INSERT INTO "stock" VALUES('2013/05/21',5017,'ＡＯＣホールディングス',348,352,346,349,284200);
INSERT INTO "stock" VALUES('2013/05/21',5018,'松村石油研究所',1279,1295,1250,1252,59700);
INSERT INTO "stock" VALUES('2013/05/21',5019,'出光興産',8460,9100,8440,9020,273500);
INSERT INTO "stock" VALUES('2013/05/21',5101,'横浜ゴム',1231,1231,1199,1214,3750000);
INSERT INTO "stock" VALUES('2013/05/21',5103,'昭和ゴム',90,91,85,88,1034800);
INSERT INTO "stock" VALUES('2013/05/21',5104,'日東化工',84,86,84,85,91000);
INSERT INTO "stock" VALUES('2013/05/21',5105,'東洋ゴム工業',587,605,581,591,2541000);
INSERT INTO "stock" VALUES('2013/05/21',5108,'ブリヂストン',3610,3660,3595,3655,3425000);
INSERT INTO "stock" VALUES('2013/05/21',5110,'住友ゴム工業',1856,1895,1845,1870,1466200);
INSERT INTO "stock" VALUES('2013/05/21',5121,'藤倉ゴム工業',373,385,370,382,179200);
INSERT INTO "stock" VALUES('2013/05/21',5122,'オカモト',351,351,337,340,378000);
INSERT INTO "stock" VALUES('2013/05/21',5142,'アキレス',144,148,143,146,671000);
INSERT INTO "stock" VALUES('2013/05/21',5161,'西川ゴム工業',2000,2000,1978,1989,8700);
INSERT INTO "stock" VALUES('2013/05/21',5162,'朝日ラバー',291,291,290,290,2000);
INSERT INTO "stock" VALUES('2013/05/21',5184,'ニチリン',1089,1170,1082,1170,140000);
INSERT INTO "stock" VALUES('2013/05/21',5185,'フコク',913,935,913,931,21200);
INSERT INTO "stock" VALUES('2013/05/21',5186,'ニッタ',2231,2300,2216,2292,71800);
INSERT INTO "stock" VALUES('2013/05/21',5187,'クリエートメディック',938,950,934,939,16300);
INSERT INTO "stock" VALUES('2013/05/21',5189,'櫻護謨',261,261,260,260,2000);
INSERT INTO "stock" VALUES('2013/05/21',5191,'東海ゴム工業',1038,1061,1031,1050,456300);
INSERT INTO "stock" VALUES('2013/05/21',5192,'三ツ星ベルト',542,542,533,540,83000);
INSERT INTO "stock" VALUES('2013/05/21',5194,'相模ゴム工業',306,306,295,300,87000);
INSERT INTO "stock" VALUES('2013/05/21',5195,'バンドー化学',402,410,401,405,227000);
INSERT INTO "stock" VALUES('2013/05/21',5196,'鬼怒川ゴム工業',661,679,651,664,754000);
INSERT INTO "stock" VALUES('2013/05/21',5199,'不二ラテックス',153,160,153,153,14000);
INSERT INTO "stock" VALUES('2013/05/21',5201,'旭硝子',814,831,807,814,8855000);
INSERT INTO "stock" VALUES('2013/05/21',5202,'日本板硝子',126,141,122,138,138357000);
INSERT INTO "stock" VALUES('2013/05/21',5204,'石塚硝子',210,210,207,209,51000);
INSERT INTO "stock" VALUES('2013/05/21',5208,'有沢製作所',470,474,454,457,296400);
INSERT INTO "stock" VALUES('2013/05/21',5210,'日本山村硝子',189,192,188,192,181000);
INSERT INTO "stock" VALUES('2013/05/21',5212,'不二硝子',434,443,434,443,300);
INSERT INTO "stock" VALUES('2013/05/21',5214,'日本電気硝子',632,660,623,651,7270000);
INSERT INTO "stock" VALUES('2013/05/21',5216,'倉元製作所',213,214,205,207,210100);
INSERT INTO "stock" VALUES('2013/05/21',5217,'テクノクオーツ',404,405,404,405,2000);
INSERT INTO "stock" VALUES('2013/05/21',5218,'オハラ',745,752,735,744,59700);
INSERT INTO "stock" VALUES('2013/05/21',5232,'住友大阪セメント',329,337,328,333,3346000);
INSERT INTO "stock" VALUES('2013/05/21',5233,'太平洋セメント',316,320,311,317,15318000);
INSERT INTO "stock" VALUES('2013/05/21',5234,'第一セメント',335,335,327,330,82900);
INSERT INTO "stock" VALUES('2013/05/21',5237,'ノザワ',274,278,274,277,20000);
INSERT INTO "stock" VALUES('2013/05/21',5261,'ミサワリゾート',233,234,231,233,41000);
INSERT INTO "stock" VALUES('2013/05/21',5262,'日本ヒューム',670,670,656,668,155000);
INSERT INTO "stock" VALUES('2013/05/21',5268,'旭コンクリート工業',729,737,729,737,1100);
INSERT INTO "stock" VALUES('2013/05/21',5269,'日本コンクリート工業',313,313,305,308,158000);
INSERT INTO "stock" VALUES('2013/05/21',5271,'トーヨーアサノ',153,157,153,157,19000);
INSERT INTO "stock" VALUES('2013/05/21',5273,'三谷セキサン',1049,1049,1022,1045,3600);
INSERT INTO "stock" VALUES('2013/05/21',5277,'スパンクリートコーポレーション',640,678,640,670,14600);
INSERT INTO "stock" VALUES('2013/05/21',5279,'日本興業',132,135,132,135,20000);
INSERT INTO "stock" VALUES('2013/05/21',5280,'ヨシコン',1480,1480,1480,1480,1000);
INSERT INTO "stock" VALUES('2013/05/21',5282,'ジオスター',206,208,205,207,50000);
INSERT INTO "stock" VALUES('2013/05/21',5283,'高見澤',300,300,295,295,2000);
INSERT INTO "stock" VALUES('2013/05/21',5284,'ヤマウ',276,279,267,269,27000);
INSERT INTO "stock" VALUES('2013/05/21',5285,'ヤマックス',145,146,142,144,60000);
INSERT INTO "stock" VALUES('2013/05/21',5287,'イトーヨーギョー',480,482,471,471,5900);
INSERT INTO "stock" VALUES('2013/05/21',5288,'ジャパンパイル',593,596,575,578,190800);
INSERT INTO "stock" VALUES('2013/05/21',5301,'東海カーボン',327,341,325,337,5517000);
INSERT INTO "stock" VALUES('2013/05/21',5302,'日本カーボン',235,250,235,250,4696000);
INSERT INTO "stock" VALUES('2013/05/21',5304,'エスイーシー',464,470,464,470,19000);
INSERT INTO "stock" VALUES('2013/05/21',5310,'東洋炭素',2338,2416,2330,2397,136500);
INSERT INTO "stock" VALUES('2013/05/21',5331,'ノリタケカンパニーリミテド',294,296,290,294,650000);
INSERT INTO "stock" VALUES('2013/05/21',5332,'ＴＯＴＯ',1093,1114,1085,1112,1621000);
INSERT INTO "stock" VALUES('2013/05/21',5333,'日本ガイシ',1518,1598,1500,1595,2436000);
INSERT INTO "stock" VALUES('2013/05/21',5334,'日本特殊陶業',2046,2074,2034,2064,969000);
INSERT INTO "stock" VALUES('2013/05/21',5337,'ダントー',127,127,124,124,103000);
INSERT INTO "stock" VALUES('2013/05/21',5341,'アサヒ衛陶',75,76,75,75,57000);
INSERT INTO "stock" VALUES('2013/05/21',5344,'丸和セラミック',3750,3885,3670,3775,122300);
INSERT INTO "stock" VALUES('2013/05/21',5351,'品川白煉瓦',218,227,217,224,713000);
INSERT INTO "stock" VALUES('2013/05/21',5352,'黒崎播磨',233,248,228,245,2232000);
INSERT INTO "stock" VALUES('2013/05/21',5355,'日本坩堝',146,148,145,147,32000);
INSERT INTO "stock" VALUES('2013/05/21',5357,'ヨータイ',308,324,308,321,184000);
INSERT INTO "stock" VALUES('2013/05/21',5358,'イソライト工業',201,210,200,210,139700);
INSERT INTO "stock" VALUES('2013/05/21',5363,'ＴＹＫ',192,193,190,192,117000);
INSERT INTO "stock" VALUES('2013/05/21',5367,'ニッカトー',505,505,499,503,9200);
INSERT INTO "stock" VALUES('2013/05/21',5380,'新東',259,263,259,260,14000);
INSERT INTO "stock" VALUES('2013/05/21',5381,'日本ミクロコーティング',376,381,366,378,100800);
INSERT INTO "stock" VALUES('2013/05/21',5384,'フジミインコーポレーテッド',1279,1279,1260,1266,233900);
INSERT INTO "stock" VALUES('2013/05/21',5386,'鶴弥',480,481,474,481,12200);
INSERT INTO "stock" VALUES('2013/05/21',5387,'チヨダウーテ',502,503,495,500,3000);
INSERT INTO "stock" VALUES('2013/05/21',5388,'クニミネ工業',0,0,0,570,0);
INSERT INTO "stock" VALUES('2013/05/21',5389,'日本レヂボン',569,569,569,569,200);
INSERT INTO "stock" VALUES('2013/05/21',5390,'宇部マテリアルズ',307,329,307,328,406000);
INSERT INTO "stock" VALUES('2013/05/21',5391,'エーアンドエーマテリアル',99,104,99,104,3280000);
INSERT INTO "stock" VALUES('2013/05/21',5393,'ニチアス',656,664,644,650,645000);
INSERT INTO "stock" VALUES('2013/05/21',5395,'理研コランダム',185,186,185,186,12000);
INSERT INTO "stock" VALUES('2013/05/21',5398,'日本研紙',135,137,135,136,13000);
INSERT INTO "stock" VALUES('2013/05/21',5401,'新日本製鐵',281,301,280,293,210626000);
INSERT INTO "stock" VALUES('2013/05/21',5406,'神戸製鋼所',153,183,152,176,168847000);
INSERT INTO "stock" VALUES('2013/05/21',5408,'中山製鋼所',71,77,70,75,3748000);
INSERT INTO "stock" VALUES('2013/05/21',5410,'合同製鐵',180,198,179,194,4446000);
INSERT INTO "stock" VALUES('2013/05/21',5411,'ジェイエフイーホールディングス',2374,2548,2374,2510,9992200);
INSERT INTO "stock" VALUES('2013/05/21',5412,'ポスコ',7240,7250,7180,7180,70);
INSERT INTO "stock" VALUES('2013/05/21',5423,'東京製鐵',420,450,418,433,5913300);
INSERT INTO "stock" VALUES('2013/05/21',5440,'共英製鋼',1874,1922,1849,1878,185600);
INSERT INTO "stock" VALUES('2013/05/21',5444,'大和工業',3635,3705,3610,3685,192100);
INSERT INTO "stock" VALUES('2013/05/21',5445,'東京鐵鋼',385,399,382,386,316000);
INSERT INTO "stock" VALUES('2013/05/21',5446,'北越メタル',176,190,176,183,56000);
INSERT INTO "stock" VALUES('2013/05/21',5448,'東京鋼鐵',454,460,451,460,3700);
INSERT INTO "stock" VALUES('2013/05/21',5449,'大阪製鐵',2000,2044,1984,2016,16600);
INSERT INTO "stock" VALUES('2013/05/21',5451,'淀川製鋼所',440,451,439,444,440000);
INSERT INTO "stock" VALUES('2013/05/21',5453,'東洋鋼鈑',369,376,364,365,510000);
INSERT INTO "stock" VALUES('2013/05/21',5456,'朝日工業',175900,175900,173300,175300,99);
INSERT INTO "stock" VALUES('2013/05/21',5457,'住友鋼管',1034,1116,1034,1092,239600);
INSERT INTO "stock" VALUES('2013/05/21',5458,'高砂鐵工',64,68,63,68,323000);
INSERT INTO "stock" VALUES('2013/05/21',5463,'丸一鋼管',2643,2706,2640,2695,265400);
INSERT INTO "stock" VALUES('2013/05/21',5464,'モリ工業',351,358,346,355,63000);
INSERT INTO "stock" VALUES('2013/05/21',5471,'大同特殊鋼',630,660,626,647,2768000);
INSERT INTO "stock" VALUES('2013/05/21',5476,'日本高周波鋼業',101,107,98,106,4866000);
INSERT INTO "stock" VALUES('2013/05/21',5480,'日本冶金工業',138,158,137,146,22300500);
INSERT INTO "stock" VALUES('2013/05/21',5481,'山陽特殊製鋼',565,594,561,570,1460000);
INSERT INTO "stock" VALUES('2013/05/21',5482,'愛知製鋼',475,503,473,500,1804000);
INSERT INTO "stock" VALUES('2013/05/21',5484,'東北特殊鋼',1291,1291,1195,1270,4900);
INSERT INTO "stock" VALUES('2013/05/21',5486,'日立金属',1192,1237,1183,1209,2755000);
INSERT INTO "stock" VALUES('2013/05/21',5491,'日本金属',136,144,136,144,1273000);
INSERT INTO "stock" VALUES('2013/05/21',5541,'大平洋金属',552,625,552,614,8055000);
INSERT INTO "stock" VALUES('2013/05/21',5542,'新報国製鉄',301,322,300,301,12500);
INSERT INTO "stock" VALUES('2013/05/21',5563,'日本電工',336,385,334,380,6582000);
INSERT INTO "stock" VALUES('2013/05/21',5566,'中央電気工業',368,410,365,400,476600);
INSERT INTO "stock" VALUES('2013/05/21',5602,'栗本鐵工所',298,306,296,304,2233000);
INSERT INTO "stock" VALUES('2013/05/21',5603,'虹技',193,197,192,196,264000);
INSERT INTO "stock" VALUES('2013/05/21',5605,'自動車鋳物',201,202,198,200,95000);
INSERT INTO "stock" VALUES('2013/05/21',5609,'日本鋳造',148,150,148,148,305000);
INSERT INTO "stock" VALUES('2013/05/21',5610,'大和重工',85,86,83,86,6000);
INSERT INTO "stock" VALUES('2013/05/21',5612,'日本鋳鉄管',250,259,248,258,169000);
INSERT INTO "stock" VALUES('2013/05/21',5631,'日本製鋼所',738,760,707,722,16609000);
INSERT INTO "stock" VALUES('2013/05/21',5632,'三菱製鋼',242,294,242,282,4638000);
INSERT INTO "stock" VALUES('2013/05/21',5641,'ＴＤＦ',238,238,231,231,51000);
INSERT INTO "stock" VALUES('2013/05/21',5644,'メタルアート',387,395,381,390,46000);
INSERT INTO "stock" VALUES('2013/05/21',5657,'鈴木金属工業',149,155,148,155,87000);
INSERT INTO "stock" VALUES('2013/05/21',5658,'日亜鋼業',325,330,322,327,72000);
INSERT INTO "stock" VALUES('2013/05/21',5659,'日本精線',450,460,450,458,85000);
INSERT INTO "stock" VALUES('2013/05/21',5660,'神鋼鋼線工業',151,154,151,154,132000);
INSERT INTO "stock" VALUES('2013/05/21',5695,'パウダーテック',305,305,296,302,10000);
INSERT INTO "stock" VALUES('2013/05/21',5697,'サンユウ',315,315,311,311,3100);
INSERT INTO "stock" VALUES('2013/05/21',5702,'大紀アルミニウム工業所',323,333,320,333,526000);
INSERT INTO "stock" VALUES('2013/05/21',5706,'三井金属',255,272,253,263,5752000);
INSERT INTO "stock" VALUES('2013/05/21',5707,'東邦亜鉛',390,407,388,400,1877000);
INSERT INTO "stock" VALUES('2013/05/21',5711,'三菱マテリアル',345,366,345,365,20629000);
INSERT INTO "stock" VALUES('2013/05/21',5713,'住友金属鉱山',1432,1466,1421,1438,7344000);
INSERT INTO "stock" VALUES('2013/05/21',5714,'同和鉱業',888,921,877,915,2410000);
INSERT INTO "stock" VALUES('2013/05/21',5715,'古河機械金属',133,151,133,148,12045000);
INSERT INTO "stock" VALUES('2013/05/21',5721,'志村化工',10,10,9,9,37660000);
INSERT INTO "stock" VALUES('2013/05/21',5724,'アサカ理研',521,526,517,526,4800);
INSERT INTO "stock" VALUES('2013/05/21',5726,'住友チタニウム',2166,2351,2144,2333,952200);
INSERT INTO "stock" VALUES('2013/05/21',5727,'東邦チタニウム',858,919,854,902,1046600);
INSERT INTO "stock" VALUES('2013/05/21',5729,'日本精鉱',282,284,281,281,15000);
INSERT INTO "stock" VALUES('2013/05/21',5738,'住友軽金属工業',108,114,107,111,10785000);
INSERT INTO "stock" VALUES('2013/05/21',5741,'古河スカイ',315,335,314,327,2510000);
INSERT INTO "stock" VALUES('2013/05/21',5742,'エヌアイシ・オートテック',289,290,286,287,9700);
INSERT INTO "stock" VALUES('2013/05/21',5753,'日本伸銅',108,110,107,110,82000);
INSERT INTO "stock" VALUES('2013/05/21',5758,'ＦＣＭ',1521,1523,1520,1520,700);
INSERT INTO "stock" VALUES('2013/05/21',5781,'東邦金属',75,78,75,78,63000);
INSERT INTO "stock" VALUES('2013/05/21',5801,'古河電気工業',286,312,286,307,12936000);
INSERT INTO "stock" VALUES('2013/05/21',5802,'住友電気工業',1427,1477,1407,1477,4827100);
INSERT INTO "stock" VALUES('2013/05/21',5803,'フジクラ',390,413,385,411,5151000);
INSERT INTO "stock" VALUES('2013/05/21',5805,'昭和電線電纜',98,104,97,104,7741000);
INSERT INTO "stock" VALUES('2013/05/21',5807,'東京特殊電線',120,121,117,121,548000);
INSERT INTO "stock" VALUES('2013/05/21',5809,'タツタ電線',900,945,889,942,1743700);
INSERT INTO "stock" VALUES('2013/05/21',5812,'日立電線',201,209,201,204,2163000);
INSERT INTO "stock" VALUES('2013/05/21',5815,'沖電線',170,172,167,169,762000);
INSERT INTO "stock" VALUES('2013/05/21',5816,'オーナンバ',409,460,409,431,83500);
INSERT INTO "stock" VALUES('2013/05/21',5817,'日本電線工業',300,310,300,310,12200);
INSERT INTO "stock" VALUES('2013/05/21',5819,'カナレ電気',1620,1620,1614,1614,3400);
INSERT INTO "stock" VALUES('2013/05/21',5820,'三ッ星',255,258,251,252,38000);
INSERT INTO "stock" VALUES('2013/05/21',5821,'平河ヒューテック',844,845,838,839,18500);
INSERT INTO "stock" VALUES('2013/05/21',5851,'リョービ',317,346,317,337,2294000);
INSERT INTO "stock" VALUES('2013/05/21',5852,'アーレスティ',820,847,820,829,30600);
INSERT INTO "stock" VALUES('2013/05/21',5856,'東理ホールディングス',35,36,34,34,309400);
INSERT INTO "stock" VALUES('2013/05/21',5900,'ダイケン',645,645,645,645,1000);
INSERT INTO "stock" VALUES('2013/05/21',5901,'東洋製罐',1595,1668,1585,1663,852800);
INSERT INTO "stock" VALUES('2013/05/21',5902,'北海製罐',326,326,321,322,74000);
INSERT INTO "stock" VALUES('2013/05/21',5903,'ＳＨＩＮＰＯ',346,346,325,335,34200);
INSERT INTO "stock" VALUES('2013/05/21',5905,'日本製罐',84,85,83,85,19000);
INSERT INTO "stock" VALUES('2013/05/21',5906,'エムケー精工',390,392,390,392,500);
INSERT INTO "stock" VALUES('2013/05/21',5907,'川鉄コンテイナー',360,360,360,360,1000);
INSERT INTO "stock" VALUES('2013/05/21',5909,'コロナ',1120,1124,1115,1122,45700);
INSERT INTO "stock" VALUES('2013/05/21',5911,'横河ブリッジ',1045,1058,1031,1033,206000);
INSERT INTO "stock" VALUES('2013/05/21',5912,'日本橋梁',202,203,198,198,5765100);
INSERT INTO "stock" VALUES('2013/05/21',5915,'駒井鉄工',241,246,241,244,107000);
INSERT INTO "stock" VALUES('2013/05/21',5918,'瀧上工業',375,380,368,375,42000);
INSERT INTO "stock" VALUES('2013/05/21',5921,'川岸工業',393,393,378,380,41000);
INSERT INTO "stock" VALUES('2013/05/21',5922,'那須電機鉄工',289,290,280,290,16000);
INSERT INTO "stock" VALUES('2013/05/21',5923,'高田機工',232,235,229,234,76000);
INSERT INTO "stock" VALUES('2013/05/21',5928,'アルメタックス',331,331,328,331,5500);
INSERT INTO "stock" VALUES('2013/05/21',5929,'三和シヤッター工業',602,610,585,590,1821000);
INSERT INTO "stock" VALUES('2013/05/21',5930,'文化シヤッター',678,678,653,656,269000);
INSERT INTO "stock" VALUES('2013/05/21',5933,'アルインコ',900,900,885,895,41200);
INSERT INTO "stock" VALUES('2013/05/21',5935,'元旦ビューティ工業',315,340,315,340,20000);
INSERT INTO "stock" VALUES('2013/05/21',5936,'東洋シヤッター',656,674,654,663,19400);
INSERT INTO "stock" VALUES('2013/05/21',5938,'イナックストステム・ホールディングス',2558,2560,2479,2485,1683000);
INSERT INTO "stock" VALUES('2013/05/21',5939,'大谷工業',0,0,0,304,0);
INSERT INTO "stock" VALUES('2013/05/21',5940,'不二サッシ',160,166,157,161,2075600);
INSERT INTO "stock" VALUES('2013/05/21',5941,'中西製作所',937,949,890,904,49700);
INSERT INTO "stock" VALUES('2013/05/21',5942,'日本フイルコン',420,421,412,418,21000);
INSERT INTO "stock" VALUES('2013/05/21',5943,'ノーリツ',1885,1897,1860,1871,122100);
INSERT INTO "stock" VALUES('2013/05/21',5945,'天龍製鋸',0,0,0,2500,0);
INSERT INTO "stock" VALUES('2013/05/21',5946,'長府製作所',2356,2356,2318,2343,18400);
INSERT INTO "stock" VALUES('2013/05/21',5947,'リンナイ',8400,8560,8360,8440,237400);
INSERT INTO "stock" VALUES('2013/05/21',5949,'ユニプレス',2072,2132,2066,2089,740500);
INSERT INTO "stock" VALUES('2013/05/21',5950,'日本パワーファスニング',165,166,165,166,15000);
INSERT INTO "stock" VALUES('2013/05/21',5951,'ダイニチ工業',829,834,824,824,22600);
INSERT INTO "stock" VALUES('2013/05/21',5952,'アマテイ',78,79,78,79,31000);
INSERT INTO "stock" VALUES('2013/05/21',5953,'昭和鉄工',0,0,0,210,0);
INSERT INTO "stock" VALUES('2013/05/21',5955,'ヤマシナ',42,42,41,42,562700);
INSERT INTO "stock" VALUES('2013/05/21',5956,'トーソー',487,487,475,478,7700);
INSERT INTO "stock" VALUES('2013/05/21',5957,'日東精工',373,375,367,370,96000);
INSERT INTO "stock" VALUES('2013/05/21',5958,'三洋工業',215,223,215,221,103000);
INSERT INTO "stock" VALUES('2013/05/21',5959,'岡部',1032,1034,1003,1023,259600);
INSERT INTO "stock" VALUES('2013/05/21',5962,'浅香工業',133,133,131,132,13000);
INSERT INTO "stock" VALUES('2013/05/21',5964,'東洋刃物',77,78,72,78,53000);
INSERT INTO "stock" VALUES('2013/05/21',5965,'フジマック',898,900,876,896,5600);
INSERT INTO "stock" VALUES('2013/05/21',5966,'京都機械工具',317,319,317,319,9000);
INSERT INTO "stock" VALUES('2013/05/21',5967,'前田金属工業',294,294,294,294,1000);
INSERT INTO "stock" VALUES('2013/05/21',5969,'ロブテックス',163,166,162,166,9000);
INSERT INTO "stock" VALUES('2013/05/21',5970,'菊池プレス工業',3220,3250,3110,3115,27600);
INSERT INTO "stock" VALUES('2013/05/21',5971,'共和工業所',788,800,788,800,5000);
INSERT INTO "stock" VALUES('2013/05/21',5973,'トーアミ',549,555,530,535,17200);
INSERT INTO "stock" VALUES('2013/05/21',5974,'中国工業',97,100,97,100,309000);
INSERT INTO "stock" VALUES('2013/05/21',5975,'東プレ',995,1023,995,1008,57500);
INSERT INTO "stock" VALUES('2013/05/21',5976,'ネツレン',805,845,800,841,211600);
INSERT INTO "stock" VALUES('2013/05/21',5981,'東京製綱',147,185,146,175,24191000);
INSERT INTO "stock" VALUES('2013/05/21',5982,'マルゼン',874,890,872,875,11000);
INSERT INTO "stock" VALUES('2013/05/21',5983,'イワブチ',417,417,401,406,14000);
INSERT INTO "stock" VALUES('2013/05/21',5984,'兼房',677,684,675,675,4300);
INSERT INTO "stock" VALUES('2013/05/21',5985,'サンコール',541,541,537,540,11000);
INSERT INTO "stock" VALUES('2013/05/21',5986,'モリテック　スチール',285,289,285,289,26100);
INSERT INTO "stock" VALUES('2013/05/21',5987,'オーネックス',158,159,156,157,24000);
INSERT INTO "stock" VALUES('2013/05/21',5988,'パイオラックス',3040,3040,2900,2938,37500);
INSERT INTO "stock" VALUES('2013/05/21',5989,'ヒラタ',1188,1188,1166,1174,73600);
INSERT INTO "stock" VALUES('2013/05/21',5990,'スーパーツール',499,535,499,508,89000);
INSERT INTO "stock" VALUES('2013/05/21',5991,'ニッパツ',1275,1336,1270,1333,1226100);
INSERT INTO "stock" VALUES('2013/05/21',5992,'中央発條',352,353,350,352,29000);
INSERT INTO "stock" VALUES('2013/05/21',5994,'東京燒結金属',359,360,354,357,30000);
INSERT INTO "stock" VALUES('2013/05/21',5997,'協立エアテック',435,435,430,430,5800);
INSERT INTO "stock" VALUES('2013/05/21',5998,'アドバネスク',113,115,111,113,274000);
INSERT INTO "stock" VALUES('2013/05/21',5999,'イハラサイエンス',650,675,650,665,3000);
INSERT INTO "stock" VALUES('2013/05/21',6005,'三浦工業',2370,2423,2345,2408,142200);
INSERT INTO "stock" VALUES('2013/05/21',6013,'タクマ',762,769,746,760,427000);
INSERT INTO "stock" VALUES('2013/05/21',6016,'神戸発動機',101,102,101,102,6000);
INSERT INTO "stock" VALUES('2013/05/21',6018,'阪神内燃機工業',173,174,173,174,3000);
INSERT INTO "stock" VALUES('2013/05/21',6022,'赤阪鐵工所',141,142,138,142,28000);
INSERT INTO "stock" VALUES('2013/05/21',6023,'ダイハツディーゼル',605,608,592,600,63000);
INSERT INTO "stock" VALUES('2013/05/21',6042,'ニッキ',396,402,394,402,27000);
INSERT INTO "stock" VALUES('2013/05/21',6051,'アイ・アール　ジャパン',14000,14000,12030,12650,17100);
INSERT INTO "stock" VALUES('2013/05/21',6101,'ツガミ',540,573,533,568,4735000);
INSERT INTO "stock" VALUES('2013/05/21',6103,'オークマ',978,1014,959,991,2509000);
INSERT INTO "stock" VALUES('2013/05/21',6104,'東芝機械',586,596,578,583,1186000);
INSERT INTO "stock" VALUES('2013/05/21',6112,'小島鉄工所',130,135,130,135,15000);
INSERT INTO "stock" VALUES('2013/05/21',6113,'アマダ',869,897,855,877,7957000);
INSERT INTO "stock" VALUES('2013/05/21',6118,'アイダエンジニアリング',844,848,823,829,221600);
INSERT INTO "stock" VALUES('2013/05/21',6121,'瀧澤鐵工所',186,186,181,182,205000);
INSERT INTO "stock" VALUES('2013/05/21',6125,'岡本工作機械製作所',142,147,141,147,419000);
INSERT INTO "stock" VALUES('2013/05/21',6131,'浜井産業',94,96,93,96,59000);
INSERT INTO "stock" VALUES('2013/05/21',6135,'牧野フライス製作所',716,739,711,734,1271000);
INSERT INTO "stock" VALUES('2013/05/21',6136,'ＯＳＧ',1704,1719,1685,1703,379900);
INSERT INTO "stock" VALUES('2013/05/21',6137,'小池酸素工業',255,258,253,253,74000);
INSERT INTO "stock" VALUES('2013/05/21',6138,'ダイジェット工業',171,171,164,169,164000);
INSERT INTO "stock" VALUES('2013/05/21',6140,'旭ダイヤモンド工業',1126,1154,1116,1137,350500);
INSERT INTO "stock" VALUES('2013/05/21',6141,'森精機製作所',1442,1460,1410,1424,749900);
INSERT INTO "stock" VALUES('2013/05/21',6143,'ソディック',600,617,595,607,285600);
INSERT INTO "stock" VALUES('2013/05/21',6144,'西部電機',573,574,572,572,5900);
INSERT INTO "stock" VALUES('2013/05/21',6145,'日特エンジニアリング',1070,1075,1057,1069,84300);
INSERT INTO "stock" VALUES('2013/05/21',6146,'ディスコ',6900,7040,6860,7000,148000);
INSERT INTO "stock" VALUES('2013/05/21',6147,'ヤマザキ',395,395,395,395,1400);
INSERT INTO "stock" VALUES('2013/05/21',6149,'小田原エンジニアリング',700,706,700,700,6800);
INSERT INTO "stock" VALUES('2013/05/21',6150,'タケダ機械',120,169,115,161,816000);
INSERT INTO "stock" VALUES('2013/05/21',6151,'日東工器',1860,1895,1856,1873,11800);
INSERT INTO "stock" VALUES('2013/05/21',6155,'高松機械工業',546,546,540,545,8300);
INSERT INTO "stock" VALUES('2013/05/21',6156,'エーワン精密',2950,2960,2920,2960,4300);
INSERT INTO "stock" VALUES('2013/05/21',6157,'日進工具',1895,1902,1848,1850,7400);
INSERT INTO "stock" VALUES('2013/05/21',6158,'和井田製作所',460,469,460,460,10700);
INSERT INTO "stock" VALUES('2013/05/21',6159,'ミクロン精密',2530,2530,2530,2530,100);
INSERT INTO "stock" VALUES('2013/05/21',6161,'エスティック',208500,209900,205100,205100,33);
INSERT INTO "stock" VALUES('2013/05/21',6163,'エイチアンドエフ',990,990,960,961,39300);
INSERT INTO "stock" VALUES('2013/05/21',6164,'太陽工機',1340,1350,1313,1325,3800);
INSERT INTO "stock" VALUES('2013/05/21',6201,'豊田自動織機',4395,4500,4375,4480,831700);
INSERT INTO "stock" VALUES('2013/05/21',6203,'豊和工業',127,128,126,126,816000);
INSERT INTO "stock" VALUES('2013/05/21',6205,'ＯＫＫ',181,187,180,182,2608000);
INSERT INTO "stock" VALUES('2013/05/21',6208,'石川製作所',141,141,136,138,1181000);
INSERT INTO "stock" VALUES('2013/05/21',6210,'東洋機械金属',260,277,257,274,222500);
INSERT INTO "stock" VALUES('2013/05/21',6217,'津田駒工業',230,234,225,230,973000);
INSERT INTO "stock" VALUES('2013/05/21',6218,'エンシュウ',188,192,185,189,1461000);
INSERT INTO "stock" VALUES('2013/05/21',6222,'島精機製作所',2521,2540,2470,2525,70300);
INSERT INTO "stock" VALUES('2013/05/21',6245,'ヒラノテクシード',1325,1385,1312,1373,115300);
INSERT INTO "stock" VALUES('2013/05/21',6246,'井上金属工業',432,440,422,435,38000);
INSERT INTO "stock" VALUES('2013/05/21',6247,'日阪製作所',1028,1037,1017,1021,53000);
INSERT INTO "stock" VALUES('2013/05/21',6254,'野村マイクロ・サイエンス',445,460,443,460,10900);
INSERT INTO "stock" VALUES('2013/05/21',6255,'エヌ・ピー・シー',385,414,364,414,3070300);
INSERT INTO "stock" VALUES('2013/05/21',6256,'ニューフレアテクノロジー',999000,999000,950000,950000,602);
INSERT INTO "stock" VALUES('2013/05/21',6257,'藤商事',138000,138100,134500,134700,282);
INSERT INTO "stock" VALUES('2013/05/21',6258,'平田機工',535,545,533,533,6900);
INSERT INTO "stock" VALUES('2013/05/21',6259,'大崎エンジニアリング',59600,62800,59600,62000,182);
INSERT INTO "stock" VALUES('2013/05/21',6260,'アドテックエンジニアリング',346,346,335,335,400);
INSERT INTO "stock" VALUES('2013/05/21',6262,'ペガサスミシン製造',388,412,386,408,145700);
INSERT INTO "stock" VALUES('2013/05/21',6264,'マルマエ',51200,60700,51200,60700,265);
INSERT INTO "stock" VALUES('2013/05/21',6265,'妙徳',290,320,290,310,42000);
INSERT INTO "stock" VALUES('2013/05/21',6266,'タツモ',566,566,545,547,7400);
INSERT INTO "stock" VALUES('2013/05/21',6267,'ゼネラルパッカー',0,0,0,270,0);
INSERT INTO "stock" VALUES('2013/05/21',6268,'ナブテスコ',2372,2443,2334,2435,1339100);
INSERT INTO "stock" VALUES('2013/05/21',6269,'三井海洋開発',3720,3875,3560,3685,1970500);
INSERT INTO "stock" VALUES('2013/05/21',6271,'ニッセイ',881,890,881,889,3000);
INSERT INTO "stock" VALUES('2013/05/21',6272,'レオン自動機',250,260,250,256,93000);
INSERT INTO "stock" VALUES('2013/05/21',6273,'ＳＭＣ',22110,22600,22030,22080,330400);
INSERT INTO "stock" VALUES('2013/05/21',6274,'新川',619,629,614,616,115700);
INSERT INTO "stock" VALUES('2013/05/21',6276,'ナビタス',390,390,384,385,11000);
INSERT INTO "stock" VALUES('2013/05/21',6277,'ホソカワミクロン',857,882,855,871,395000);
INSERT INTO "stock" VALUES('2013/05/21',6278,'ユニオンツール',2235,2247,2184,2223,81900);
INSERT INTO "stock" VALUES('2013/05/21',6279,'瑞光',7800,7800,7490,7600,19900);
INSERT INTO "stock" VALUES('2013/05/21',6281,'前田製作所',0,0,0,274,0);
INSERT INTO "stock" VALUES('2013/05/21',6282,'オイレス工業',2191,2230,2173,2229,57600);
INSERT INTO "stock" VALUES('2013/05/21',6284,'日精エー・エス・ビー機械',1730,1730,1681,1690,83600);
INSERT INTO "stock" VALUES('2013/05/21',6286,'靜甲',585,588,585,588,2100);
INSERT INTO "stock" VALUES('2013/05/21',6287,'サトー',1995,1999,1956,1965,138800);
INSERT INTO "stock" VALUES('2013/05/21',6289,'技研製作所',568,568,568,568,51200);
INSERT INTO "stock" VALUES('2013/05/21',6291,'日本エアーテック',595,597,589,593,31100);
INSERT INTO "stock" VALUES('2013/05/21',6292,'カワタ',347,353,347,350,17000);
INSERT INTO "stock" VALUES('2013/05/21',6293,'日精樹脂工業',720,723,707,707,63300);
INSERT INTO "stock" VALUES('2013/05/21',6294,'オカダアイヨン',425,433,425,431,27000);
INSERT INTO "stock" VALUES('2013/05/21',6297,'鉱研工業',644,670,628,632,361900);
INSERT INTO "stock" VALUES('2013/05/21',6298,'ワイエイシイ',695,748,686,722,204100);
INSERT INTO "stock" VALUES('2013/05/21',6299,'神鋼パンテツク',303,304,297,300,88000);
INSERT INTO "stock" VALUES('2013/05/21',6300,'アピックヤマダ',139,149,136,139,70000);
INSERT INTO "stock" VALUES('2013/05/21',6301,'コマツ',2900,2957,2893,2950,5741000);
INSERT INTO "stock" VALUES('2013/05/21',6302,'住友重機械工業',479,495,471,477,8169000);
INSERT INTO "stock" VALUES('2013/05/21',6303,'ササクラ',630,660,630,657,62000);
INSERT INTO "stock" VALUES('2013/05/21',6305,'日立建機',2750,2838,2745,2799,2081800);
INSERT INTO "stock" VALUES('2013/05/21',6306,'日工',389,391,385,389,71000);
INSERT INTO "stock" VALUES('2013/05/21',6307,'サンセイ',142,142,135,139,146000);
INSERT INTO "stock" VALUES('2013/05/21',6309,'巴工業',2010,2010,1995,2010,31100);
INSERT INTO "stock" VALUES('2013/05/21',6310,'井関農機',422,447,420,430,10394000);
INSERT INTO "stock" VALUES('2013/05/21',6312,'フロイント産業',2240,2241,2121,2145,37900);
INSERT INTO "stock" VALUES('2013/05/21',6314,'石井工作研究所',212,220,207,219,7900);
INSERT INTO "stock" VALUES('2013/05/21',6315,'ＴＯＷＡ',782,813,758,794,324600);
INSERT INTO "stock" VALUES('2013/05/21',6316,'丸山製作所',356,378,345,357,5343000);
INSERT INTO "stock" VALUES('2013/05/21',6317,'北川鉄工所',183,192,181,190,1670000);
INSERT INTO "stock" VALUES('2013/05/21',6319,'シンニッタン',420,426,418,422,219400);
INSERT INTO "stock" VALUES('2013/05/21',6322,'タクミナ',624,624,620,620,800);
INSERT INTO "stock" VALUES('2013/05/21',6323,'ローツェ',320,325,318,320,15400);
INSERT INTO "stock" VALUES('2013/05/21',6324,'ハーモニック・ドライブ・システムズ',2385,2385,2320,2330,26500);
INSERT INTO "stock" VALUES('2013/05/21',6325,'タカキタ',285,285,270,272,93000);
INSERT INTO "stock" VALUES('2013/05/21',6326,'クボタ',1700,1718,1681,1712,5089000);
INSERT INTO "stock" VALUES('2013/05/21',6327,'北川精機',142,142,140,141,8300);
INSERT INTO "stock" VALUES('2013/05/21',6328,'荏原実業',1473,1481,1470,1478,60900);
INSERT INTO "stock" VALUES('2013/05/21',6330,'東洋エンジニアリング',500,510,492,497,1131000);
INSERT INTO "stock" VALUES('2013/05/21',6331,'三菱化工機',215,222,210,212,1634000);
INSERT INTO "stock" VALUES('2013/05/21',6332,'月島機械',1098,1113,1095,1104,44000);
INSERT INTO "stock" VALUES('2013/05/21',6333,'帝国電機製作所',1993,2017,1957,1957,58300);
INSERT INTO "stock" VALUES('2013/05/21',6334,'明治機械',131,134,127,134,102600);
INSERT INTO "stock" VALUES('2013/05/21',6335,'東京機械製作所',173,174,167,169,2457000);
INSERT INTO "stock" VALUES('2013/05/21',6336,'石井表記',382,387,360,387,25100);
INSERT INTO "stock" VALUES('2013/05/21',6337,'テセック',740,751,737,751,23100);
INSERT INTO "stock" VALUES('2013/05/21',6338,'タカトリ',552,651,550,618,159500);
INSERT INTO "stock" VALUES('2013/05/21',6339,'新東工業',949,962,930,939,199100);
INSERT INTO "stock" VALUES('2013/05/21',6340,'澁谷工業',893,904,890,890,12100);
INSERT INTO "stock" VALUES('2013/05/21',6342,'太平製作所',129,131,128,130,60000);
INSERT INTO "stock" VALUES('2013/05/21',6343,'フリージア・マクロス',32,33,31,31,5669000);
INSERT INTO "stock" VALUES('2013/05/21',6345,'アイチコーポレーション',530,558,528,553,319500);
INSERT INTO "stock" VALUES('2013/05/21',6346,'菊川鉄工所',0,0,0,205,0);
INSERT INTO "stock" VALUES('2013/05/21',6347,'プラコー',34,35,33,34,329000);
INSERT INTO "stock" VALUES('2013/05/21',6349,'小森コーポレーション',1393,1393,1343,1350,234000);
INSERT INTO "stock" VALUES('2013/05/21',6351,'鶴見製作所',880,897,874,889,28000);
INSERT INTO "stock" VALUES('2013/05/21',6355,'住友精密工業',520,538,518,535,420000);
INSERT INTO "stock" VALUES('2013/05/21',6356,'日本ギア工業',433,448,415,425,31000);
INSERT INTO "stock" VALUES('2013/05/21',6357,'三精輸送機',418,419,414,418,12500);
INSERT INTO "stock" VALUES('2013/05/21',6358,'酒井重工業',319,328,316,328,1201000);
INSERT INTO "stock" VALUES('2013/05/21',6360,'東京自働機械製作所',132,132,128,128,5000);
INSERT INTO "stock" VALUES('2013/05/21',6361,'荏原',574,613,564,606,14651000);
INSERT INTO "stock" VALUES('2013/05/21',6362,'石井鐵工所',325,326,309,313,1089000);
INSERT INTO "stock" VALUES('2013/05/21',6363,'酉島製作所',1074,1097,1067,1081,186200);
INSERT INTO "stock" VALUES('2013/05/21',6364,'北越工業',273,273,269,273,31000);
INSERT INTO "stock" VALUES('2013/05/21',6365,'電業社機械製作所',1705,1705,1690,1700,1100);
INSERT INTO "stock" VALUES('2013/05/21',6366,'千代田化工建設',1162,1233,1137,1231,8809000);
INSERT INTO "stock" VALUES('2013/05/21',6367,'ダイキン工業',4705,4940,4705,4930,2412600);
INSERT INTO "stock" VALUES('2013/05/21',6368,'オルガノ',585,614,580,601,731000);
INSERT INTO "stock" VALUES('2013/05/21',6369,'トーヨーカネツ',378,388,367,370,6315000);
INSERT INTO "stock" VALUES('2013/05/21',6370,'栗田工業',2261,2307,2255,2300,663500);
INSERT INTO "stock" VALUES('2013/05/21',6371,'椿本チエイン',644,669,639,664,733000);
INSERT INTO "stock" VALUES('2013/05/21',6373,'大同工業',244,257,241,257,752000);
INSERT INTO "stock" VALUES('2013/05/21',6375,'日本コンベヤ',84,86,83,86,287000);
INSERT INTO "stock" VALUES('2013/05/21',6376,'日機装',1469,1474,1425,1435,362000);
INSERT INTO "stock" VALUES('2013/05/21',6378,'木村化工機',820,917,812,869,7138200);
INSERT INTO "stock" VALUES('2013/05/21',6379,'新興プランテック',780,784,765,771,197500);
INSERT INTO "stock" VALUES('2013/05/21',6380,'オリエンタルチエン工業',82,83,82,82,37000);
INSERT INTO "stock" VALUES('2013/05/21',6381,'アネスト岩田',495,505,489,495,176000);
INSERT INTO "stock" VALUES('2013/05/21',6382,'トリニティ工業',382,390,382,382,13000);
INSERT INTO "stock" VALUES('2013/05/21',6383,'ダイフク',915,927,892,903,1322500);
INSERT INTO "stock" VALUES('2013/05/21',6384,'昭和真空',379,408,379,402,27900);
INSERT INTO "stock" VALUES('2013/05/21',6387,'サムコインターナショナル研究所',883,905,874,880,13200);
INSERT INTO "stock" VALUES('2013/05/21',6390,'加藤製作所',447,448,436,440,358000);
INSERT INTO "stock" VALUES('2013/05/21',6391,'加地テック',254,255,246,246,27000);
INSERT INTO "stock" VALUES('2013/05/21',6392,'ヤマダコーポレーション',279,279,268,272,44000);
INSERT INTO "stock" VALUES('2013/05/21',6393,'油研工業',268,284,266,272,2410000);
INSERT INTO "stock" VALUES('2013/05/21',6395,'タダノ',1360,1425,1360,1416,1219000);
INSERT INTO "stock" VALUES('2013/05/21',6396,'宇野澤組鐵工所',182,182,172,178,13000);
INSERT INTO "stock" VALUES('2013/05/21',6397,'郷鉄工所',85,85,84,84,4000);
INSERT INTO "stock" VALUES('2013/05/21',6400,'不二精機',117,117,114,115,132100);
INSERT INTO "stock" VALUES('2013/05/21',6402,'兼松エンジニアリング',458,482,458,463,7000);
INSERT INTO "stock" VALUES('2013/05/21',6403,'水道機工',297,302,297,302,19000);
INSERT INTO "stock" VALUES('2013/05/21',6405,'鈴茂器工',1508,1529,1453,1485,18800);
INSERT INTO "stock" VALUES('2013/05/21',6406,'フジテック',1030,1078,1026,1050,385000);
INSERT INTO "stock" VALUES('2013/05/21',6407,'ＣＫＤ',900,920,886,894,316000);
INSERT INTO "stock" VALUES('2013/05/21',6408,'小倉クラッチ',292,295,290,292,12000);
INSERT INTO "stock" VALUES('2013/05/21',6411,'中野冷機',2050,2050,2000,2018,2900);
INSERT INTO "stock" VALUES('2013/05/21',6412,'平和',1973,2007,1959,2004,744800);
INSERT INTO "stock" VALUES('2013/05/21',6413,'理想科学工業',2283,2287,2235,2273,130300);
INSERT INTO "stock" VALUES('2013/05/21',6414,'川重冷熱工業',0,0,0,494,0);
INSERT INTO "stock" VALUES('2013/05/21',6416,'桂川電機',210,210,206,208,23000);
INSERT INTO "stock" VALUES('2013/05/21',6417,'ＳＡＮＫＹＯ',4685,4890,4630,4870,589300);
INSERT INTO "stock" VALUES('2013/05/21',6418,'日本金銭機械',1660,1667,1590,1603,297000);
INSERT INTO "stock" VALUES('2013/05/21',6419,'マースエンジニアリング',2148,2154,2100,2109,196200);
INSERT INTO "stock" VALUES('2013/05/21',6420,'福島工業',2850,2918,2806,2903,61100);
INSERT INTO "stock" VALUES('2013/05/21',6424,'高見沢サイバネティックス',271,281,271,281,6000);
INSERT INTO "stock" VALUES('2013/05/21',6425,'アルゼ',2420,2420,2271,2331,241300);
INSERT INTO "stock" VALUES('2013/05/21',6428,'オーイズミ',1230,1231,1171,1186,200300);
INSERT INTO "stock" VALUES('2013/05/21',6430,'ダイコク電機',2195,2226,2173,2200,186900);
INSERT INTO "stock" VALUES('2013/05/21',6432,'竹内製作所',2569,2580,2522,2541,97000);
INSERT INTO "stock" VALUES('2013/05/21',6433,'ヒーハイスト精工',179,179,175,177,48000);
INSERT INTO "stock" VALUES('2013/05/21',6436,'アマノ',1160,1160,1136,1144,94100);
INSERT INTO "stock" VALUES('2013/05/21',6440,'ＪＵＫＩ',188,200,187,198,8120000);
INSERT INTO "stock" VALUES('2013/05/21',6443,'東洋製作所',245,250,245,247,63000);
INSERT INTO "stock" VALUES('2013/05/21',6444,'サンデン',431,440,424,433,1714000);
INSERT INTO "stock" VALUES('2013/05/21',6445,'蛇の目ミシン工業',98,99,96,99,4384000);
INSERT INTO "stock" VALUES('2013/05/21',6448,'ブラザー工業',1326,1330,1302,1314,761900);
INSERT INTO "stock" VALUES('2013/05/21',6454,'マックス',1238,1265,1223,1263,108000);
INSERT INTO "stock" VALUES('2013/05/21',6455,'モリタ',937,949,927,936,125000);
INSERT INTO "stock" VALUES('2013/05/21',6457,'グローリー工業',2786,2810,2750,2794,118900);
INSERT INTO "stock" VALUES('2013/05/21',6458,'新晃工業',960,969,925,952,78400);
INSERT INTO "stock" VALUES('2013/05/21',6459,'大和冷機工業',616,616,601,604,56000);
INSERT INTO "stock" VALUES('2013/05/21',6460,'セガサミーホールディングス',2708,2776,2696,2719,1666700);
INSERT INTO "stock" VALUES('2013/05/21',6461,'日本ピストンリング',215,221,212,221,3768000);
INSERT INTO "stock" VALUES('2013/05/21',6462,'リケン',510,519,501,514,452000);
INSERT INTO "stock" VALUES('2013/05/21',6463,'帝国ピストンリング',1924,1970,1896,1907,153300);
INSERT INTO "stock" VALUES('2013/05/21',6465,'ホシザキ電機',3500,3565,3450,3480,121400);
INSERT INTO "stock" VALUES('2013/05/21',6466,'トウアバルブグループ本社',1641,1660,1450,1510,20100);
INSERT INTO "stock" VALUES('2013/05/21',6467,'ニチダイ',580,599,580,599,23300);
INSERT INTO "stock" VALUES('2013/05/21',6469,'放電精密加工研究所',749,765,742,761,35900);
INSERT INTO "stock" VALUES('2013/05/21',6470,'大豊工業',1404,1409,1392,1400,57400);
INSERT INTO "stock" VALUES('2013/05/21',6471,'日本精工',1051,1079,1040,1072,4530000);
INSERT INTO "stock" VALUES('2013/05/21',6472,'ＮＴＮ',367,389,358,382,11136000);
INSERT INTO "stock" VALUES('2013/05/21',6473,'光洋精工',1222,1269,1217,1239,1743000);
INSERT INTO "stock" VALUES('2013/05/21',6474,'不二越',515,529,508,515,1467000);
INSERT INTO "stock" VALUES('2013/05/21',6476,'富士テクニカ',625,650,621,650,12200);
INSERT INTO "stock" VALUES('2013/05/21',6478,'ダイベア',237,244,237,244,5000);
INSERT INTO "stock" VALUES('2013/05/21',6479,'ミネベア',386,402,382,393,4792000);
INSERT INTO "stock" VALUES('2013/05/21',6480,'日本トムソン',579,604,577,597,236000);
INSERT INTO "stock" VALUES('2013/05/21',6481,'ＴＨＫ',2480,2597,2472,2536,1359600);
INSERT INTO "stock" VALUES('2013/05/21',6482,'ユーシン精機',1995,2049,1965,1986,22000);
INSERT INTO "stock" VALUES('2013/05/21',6484,'ＫＶＫ',755,756,745,755,5000);
INSERT INTO "stock" VALUES('2013/05/21',6485,'前澤給装工業',1385,1386,1363,1369,13500);
INSERT INTO "stock" VALUES('2013/05/21',6486,'イーグル工業',1266,1312,1221,1230,761000);
INSERT INTO "stock" VALUES('2013/05/21',6487,'積水工機製作所',168,168,160,160,2000);
INSERT INTO "stock" VALUES('2013/05/21',6488,'ヨシタケ',745,745,707,735,6300);
INSERT INTO "stock" VALUES('2013/05/21',6489,'前澤工業',463,463,440,449,98900);
INSERT INTO "stock" VALUES('2013/05/21',6490,'日本ピラー工業',823,828,815,820,47000);
INSERT INTO "stock" VALUES('2013/05/21',6492,'岡野バルブ製造',496,498,462,479,246000);
INSERT INTO "stock" VALUES('2013/05/21',6493,'日鍛バルブ',361,372,361,369,52700);
INSERT INTO "stock" VALUES('2013/05/21',6494,'日本ファーネス工業',109,113,108,109,695300);
INSERT INTO "stock" VALUES('2013/05/21',6495,'宮入バルブ製作所',57,58,56,56,351300);
INSERT INTO "stock" VALUES('2013/05/21',6496,'中北製作所',525,529,525,528,6000);
INSERT INTO "stock" VALUES('2013/05/21',6497,'ハマイ',0,0,0,909,0);
INSERT INTO "stock" VALUES('2013/05/21',6498,'キッツ',588,588,577,581,365700);
INSERT INTO "stock" VALUES('2013/05/21',6501,'日立製作所',779,789,765,767,37145000);
INSERT INTO "stock" VALUES('2013/05/21',6502,'東芝',553,556,539,540,74586000);
INSERT INTO "stock" VALUES('2013/05/21',6503,'三菱電機',1180,1206,1156,1183,10619000);
INSERT INTO "stock" VALUES('2013/05/21',6504,'富士電機',385,394,382,388,3448000);
INSERT INTO "stock" VALUES('2013/05/21',6505,'東洋電機製造',349,354,346,352,506000);
INSERT INTO "stock" VALUES('2013/05/21',6506,'安川電機',1422,1432,1406,1417,2201000);
INSERT INTO "stock" VALUES('2013/05/21',6507,'神鋼電機',190,202,188,200,2011000);
INSERT INTO "stock" VALUES('2013/05/21',6508,'明電舎',391,414,385,394,5367000);
INSERT INTO "stock" VALUES('2013/05/21',6513,'オリジン電気',384,388,379,387,485000);
INSERT INTO "stock" VALUES('2013/05/21',6516,'山洋電気',779,784,761,766,381000);
INSERT INTO "stock" VALUES('2013/05/21',6517,'デンヨー',1536,1557,1531,1546,68300);
INSERT INTO "stock" VALUES('2013/05/21',6518,'三相電機',206,206,206,206,1000);
INSERT INTO "stock" VALUES('2013/05/21',6581,'日立工機',937,941,923,933,115700);
INSERT INTO "stock" VALUES('2013/05/21',6584,'三桜工業',830,845,830,841,79400);
INSERT INTO "stock" VALUES('2013/05/21',6586,'マキタ',5950,6080,5900,6080,830900);
INSERT INTO "stock" VALUES('2013/05/21',6588,'東芝テック',588,588,568,571,1774000);
INSERT INTO "stock" VALUES('2013/05/21',6590,'芝浦メカトロニクス',316,321,311,316,453000);
INSERT INTO "stock" VALUES('2013/05/21',6591,'西芝電機',141,148,140,147,119000);
INSERT INTO "stock" VALUES('2013/05/21',6592,'マブチモーター',5460,5520,5420,5490,98100);
INSERT INTO "stock" VALUES('2013/05/21',6593,'ローヤル電機',381,381,365,370,5800);
INSERT INTO "stock" VALUES('2013/05/21',6594,'日本電産',7070,7210,7020,7160,792100);
INSERT INTO "stock" VALUES('2013/05/21',6622,'ダイヘン',444,462,436,441,1057000);
INSERT INTO "stock" VALUES('2013/05/21',6624,'田淵電機',374,417,365,417,5625000);
INSERT INTO "stock" VALUES('2013/05/21',6626,'ＳＥＭＩＴＥＣ',777,777,750,763,5800);
INSERT INTO "stock" VALUES('2013/05/21',6628,'オンキヨー',120,120,119,119,102600);
INSERT INTO "stock" VALUES('2013/05/21',6629,'テクノホライゾン・ホールディングス',207,219,206,210,29800);
INSERT INTO "stock" VALUES('2013/05/21',6630,'ヤーマン',1575,1585,1551,1557,33900);
INSERT INTO "stock" VALUES('2013/05/21',6633,'アルファホールディングス',275,275,254,273,34400);
INSERT INTO "stock" VALUES('2013/05/21',6634,'ネットインデックス',47000,47000,44100,44150,131);
INSERT INTO "stock" VALUES('2013/05/21',6635,'大日光・エンジニアリング',801,820,800,818,4800);
INSERT INTO "stock" VALUES('2013/05/21',6636,'シスウェーブ',7620,7740,6390,6800,19260);
INSERT INTO "stock" VALUES('2013/05/21',6637,'寺崎電気産業',512,512,507,507,2300);
INSERT INTO "stock" VALUES('2013/05/21',6638,'ミマキエンジニアリング',695,700,596,628,62000);
INSERT INTO "stock" VALUES('2013/05/21',6639,'コンテック',932,938,932,935,600);
INSERT INTO "stock" VALUES('2013/05/21',6640,'第一精工',1619,1664,1597,1624,187800);
INSERT INTO "stock" VALUES('2013/05/21',6641,'日新電機',637,672,637,661,873000);
INSERT INTO "stock" VALUES('2013/05/21',6643,'戸上電機製作所',136,139,135,139,47000);
INSERT INTO "stock" VALUES('2013/05/21',6644,'大崎電気工業',616,623,603,623,222000);
INSERT INTO "stock" VALUES('2013/05/21',6645,'オムロン',3380,3400,3285,3345,1215800);
INSERT INTO "stock" VALUES('2013/05/21',6647,'森尾電機',139,139,139,139,7000);
INSERT INTO "stock" VALUES('2013/05/21',6648,'かわでん',1310,1310,1300,1300,1800);
INSERT INTO "stock" VALUES('2013/05/21',6651,'日東工業',1791,1824,1764,1789,212000);
INSERT INTO "stock" VALUES('2013/05/21',6652,'和泉電気',971,989,967,973,51200);
INSERT INTO "stock" VALUES('2013/05/21',6653,'正興電機製作所',0,0,0,411,0);
INSERT INTO "stock" VALUES('2013/05/21',6654,'不二電機工業',1030,1034,1021,1030,5800);
INSERT INTO "stock" VALUES('2013/05/21',6656,'インスペック',70000,74000,68000,74000,1198);
INSERT INTO "stock" VALUES('2013/05/21',6658,'シライ電子工業',175,178,172,178,247800);
INSERT INTO "stock" VALUES('2013/05/21',6659,'メディアグローバルリンクス',70600,70600,67700,68100,133);
INSERT INTO "stock" VALUES('2013/05/21',6661,'オプテックス・エフエー',624,625,623,625,2900);
INSERT INTO "stock" VALUES('2013/05/21',6662,'ＩＲＩユビテック',44000,46300,42400,43100,640);
INSERT INTO "stock" VALUES('2013/05/21',6663,'太洋工業',214,215,212,212,1300);
INSERT INTO "stock" VALUES('2013/05/21',6664,'オプトエレクトロニクス',1010,1062,1010,1055,47000);
INSERT INTO "stock" VALUES('2013/05/21',6666,'リバーエレテック',271,298,271,280,120900);
INSERT INTO "stock" VALUES('2013/05/21',6668,'アドテックプラズマテクノロジー',199000,199900,181500,183000,34);
INSERT INTO "stock" VALUES('2013/05/21',6669,'シーシーエス',150000,152700,146000,152700,136);
INSERT INTO "stock" VALUES('2013/05/21',6670,'MCJ',176,178,172,175,252400);
INSERT INTO "stock" VALUES('2013/05/21',6674,'ジーエス・ユアサ　コーポレーション',479,558,478,558,19820000);
INSERT INTO "stock" VALUES('2013/05/21',6675,'田村大興ホールディングス',201,202,197,200,255000);
INSERT INTO "stock" VALUES('2013/05/21',6676,'メルコホールディングス',1586,1616,1584,1594,101000);
INSERT INTO "stock" VALUES('2013/05/21',6677,'エスケーエレクトロニクス',43400,44000,41800,43500,234);
INSERT INTO "stock" VALUES('2013/05/21',6678,'テクノメディカ',717000,719000,686000,695000,173);
INSERT INTO "stock" VALUES('2013/05/21',6701,'ＮＥＣ',266,284,264,284,94825000);
INSERT INTO "stock" VALUES('2013/05/21',6702,'富士通',444,483,443,478,38057000);
INSERT INTO "stock" VALUES('2013/05/21',6703,'沖電気工業',222,226,217,225,16841000);
INSERT INTO "stock" VALUES('2013/05/21',6704,'岩崎通信機',112,115,111,114,1183000);
INSERT INTO "stock" VALUES('2013/05/21',6706,'電気興業',581,604,580,581,776000);
INSERT INTO "stock" VALUES('2013/05/21',6707,'サンケン電気',575,587,563,565,1626000);
INSERT INTO "stock" VALUES('2013/05/21',6709,'明星電気',103,104,102,103,475000);
INSERT INTO "stock" VALUES('2013/05/21',6715,'ナカヨ通信機',336,339,329,338,53000);
INSERT INTO "stock" VALUES('2013/05/21',6716,'中央無線',398,408,325,344,247000);
INSERT INTO "stock" VALUES('2013/05/21',6718,'アイホン',1644,1644,1620,1622,6900);
INSERT INTO "stock" VALUES('2013/05/21',6719,'富士通コンポーネント',35500,35500,34100,35500,50);
INSERT INTO "stock" VALUES('2013/05/21',6721,'ウインテスト',25000,25510,24000,24500,70);
INSERT INTO "stock" VALUES('2013/05/21',6722,'エイアンドティー',1410,1413,1312,1356,37400);
INSERT INTO "stock" VALUES('2013/05/21',6723,'ＮＥＣエレクトロニクス',619,715,590,626,10393800);
INSERT INTO "stock" VALUES('2013/05/21',6724,'セイコーエプソン',1432,1453,1403,1441,1966800);
INSERT INTO "stock" VALUES('2013/05/21',6727,'ワコム',580000,581000,556000,558000,5919);
INSERT INTO "stock" VALUES('2013/05/21',6728,'アルバック',1070,1335,1069,1287,4174600);
INSERT INTO "stock" VALUES('2013/05/21',6730,'アクセル',2000,2009,1980,1984,61200);
INSERT INTO "stock" VALUES('2013/05/21',6731,'ピクセラ',182,183,181,182,58700);
INSERT INTO "stock" VALUES('2013/05/21',6734,'ニューテック',351,386,351,363,2400);
INSERT INTO "stock" VALUES('2013/05/21',6736,'サン電子',1299,1483,1291,1450,414300);
INSERT INTO "stock" VALUES('2013/05/21',6737,'ナナオ',1931,1972,1913,1946,116400);
INSERT INTO "stock" VALUES('2013/05/21',6741,'日本信号',777,787,774,782,239500);
INSERT INTO "stock" VALUES('2013/05/21',6742,'京三製作所',367,372,365,370,140000);
INSERT INTO "stock" VALUES('2013/05/21',6743,'大同信号',343,343,343,343,2000);
INSERT INTO "stock" VALUES('2013/05/21',6744,'能美防災',804,805,799,801,18000);
INSERT INTO "stock" VALUES('2013/05/21',6745,'ホーチキ',480,486,480,482,7000);
INSERT INTO "stock" VALUES('2013/05/21',6747,'小糸工業',212,218,210,215,40000);
INSERT INTO "stock" VALUES('2013/05/21',6748,'星和電機',303,303,295,301,19000);
INSERT INTO "stock" VALUES('2013/05/21',6750,'エレコム',1322,1338,1320,1338,65100);
INSERT INTO "stock" VALUES('2013/05/21',6751,'日本無線',354,364,348,358,735000);
INSERT INTO "stock" VALUES('2013/05/21',6752,'松下電器産業',920,946,905,932,25134300);
INSERT INTO "stock" VALUES('2013/05/21',6753,'シャープ',572,633,563,600,257811000);
INSERT INTO "stock" VALUES('2013/05/21',6754,'アンリツ',1560,1579,1522,1534,1935800);
INSERT INTO "stock" VALUES('2013/05/21',6755,'富士通ゼネラル',1081,1091,1062,1069,672000);
INSERT INTO "stock" VALUES('2013/05/21',6756,'日立国際電気',1116,1142,1094,1114,1220000);
INSERT INTO "stock" VALUES('2013/05/21',6757,'オーエスジー・コーポレーション',480,485,467,485,3900);
INSERT INTO "stock" VALUES('2013/05/21',6758,'ソニー',2128,2195,2097,2163,22549100);
INSERT INTO "stock" VALUES('2013/05/21',6762,'ＴＤＫ',4230,4440,4180,4370,2122500);
INSERT INTO "stock" VALUES('2013/05/21',6763,'帝国通信工業',212,219,212,218,284000);
INSERT INTO "stock" VALUES('2013/05/21',6767,'ミツミ電機',724,735,702,733,2036100);
INSERT INTO "stock" VALUES('2013/05/21',6768,'タムラ製作所',234,250,234,244,1656000);
INSERT INTO "stock" VALUES('2013/05/21',6769,'ザインエレクトロニクス',650,659,620,622,47100);
INSERT INTO "stock" VALUES('2013/05/21',6770,'アルプス電気',755,796,749,788,4526500);
INSERT INTO "stock" VALUES('2013/05/21',6771,'池上通信機',117,123,115,123,2580000);
INSERT INTO "stock" VALUES('2013/05/21',6772,'東京コスモス電機',167,167,163,167,37000);
INSERT INTO "stock" VALUES('2013/05/21',6773,'パイオニア',285,293,276,282,20358400);
INSERT INTO "stock" VALUES('2013/05/21',6775,'東和メックス',31,32,31,31,160000);
INSERT INTO "stock" VALUES('2013/05/21',6776,'天昇電気工業',106,120,103,110,159000);
INSERT INTO "stock" VALUES('2013/05/21',6777,'サンテック',280,284,276,278,18700);
INSERT INTO "stock" VALUES('2013/05/21',6778,'アルチザネットワークス',33500,33900,32300,32600,176);
INSERT INTO "stock" VALUES('2013/05/21',6779,'日本電波工業',1050,1112,1020,1084,325900);
INSERT INTO "stock" VALUES('2013/05/21',6784,'プラネックスコミュニケーションズ',66700,67400,65400,66000,288);
INSERT INTO "stock" VALUES('2013/05/21',6785,'鈴木',874,925,874,919,39300);
INSERT INTO "stock" VALUES('2013/05/21',6786,'リアルビジョン',26130,29480,25800,28980,919);
INSERT INTO "stock" VALUES('2013/05/21',6787,'メイコー',869,960,863,959,292900);
INSERT INTO "stock" VALUES('2013/05/21',6788,'日本トリム',6200,6200,5990,6010,43500);
INSERT INTO "stock" VALUES('2013/05/21',6789,'ローランドディー・ジー',2430,2454,2206,2259,226100);
INSERT INTO "stock" VALUES('2013/05/21',6791,'日本コロムビア',51,51,49,50,6236000);
INSERT INTO "stock" VALUES('2013/05/21',6794,'フォスター電機',1857,1935,1852,1928,956800);
INSERT INTO "stock" VALUES('2013/05/21',6796,'クラリオン',168,177,163,173,11544000);
INSERT INTO "stock" VALUES('2013/05/21',6798,'ＳＭＫ',330,336,329,332,337000);
INSERT INTO "stock" VALUES('2013/05/21',6800,'ヨコオ',547,552,544,548,26500);
INSERT INTO "stock" VALUES('2013/05/21',6801,'東光',319,338,317,327,1922000);
INSERT INTO "stock" VALUES('2013/05/21',6803,'ティアック',68,68,66,67,3441000);
INSERT INTO "stock" VALUES('2013/05/21',6804,'ホシデン',611,632,606,630,513900);
INSERT INTO "stock" VALUES('2013/05/21',6806,'ヒロセ電機',13910,13920,13580,13850,74400);
INSERT INTO "stock" VALUES('2013/05/21',6807,'日本航空電子工業',997,1043,994,1017,1123000);
INSERT INTO "stock" VALUES('2013/05/21',6809,'ＴＯＡ',827,836,820,827,79000);
INSERT INTO "stock" VALUES('2013/05/21',6814,'古野電気',828,834,814,834,101600);
INSERT INTO "stock" VALUES('2013/05/21',6815,'ユニデン',274,286,265,269,3101000);
INSERT INTO "stock" VALUES('2013/05/21',6816,'アルパイン',1116,1128,1103,1109,92200);
INSERT INTO "stock" VALUES('2013/05/21',6817,'スミダコーポレーション',556,570,554,570,288700);
INSERT INTO "stock" VALUES('2013/05/21',6819,'オメガ・プロジェクト',73,73,71,72,74400);
INSERT INTO "stock" VALUES('2013/05/21',6820,'アイコム',2492,2492,2451,2455,26700);
INSERT INTO "stock" VALUES('2013/05/21',6822,'大井電気',203,210,202,204,41000);
INSERT INTO "stock" VALUES('2013/05/21',6823,'リオン',1126,1130,1101,1119,24500);
INSERT INTO "stock" VALUES('2013/05/21',6824,'新コスモス電機',0,0,0,1215,0);
INSERT INTO "stock" VALUES('2013/05/21',6826,'本多通信工業',399,402,392,399,9700);
INSERT INTO "stock" VALUES('2013/05/21',6832,'アオイ電子',1680,1685,1665,1680,22900);
INSERT INTO "stock" VALUES('2013/05/21',6833,'日本電産リード',1245,1255,1241,1247,11000);
INSERT INTO "stock" VALUES('2013/05/21',6834,'精工技研',724,730,723,729,6700);
INSERT INTO "stock" VALUES('2013/05/21',6835,'アライドテレシス',93,93,91,93,449200);
INSERT INTO "stock" VALUES('2013/05/21',6836,'ぷらっとホーム',68000,69900,68000,68000,21);
INSERT INTO "stock" VALUES('2013/05/21',6837,'京写',377,399,342,388,686000);
INSERT INTO "stock" VALUES('2013/05/21',6838,'多摩川電子',860,880,830,841,52000);
INSERT INTO "stock" VALUES('2013/05/21',6839,'船井電機',1332,1364,1303,1317,349800);
INSERT INTO "stock" VALUES('2013/05/21',6840,'アドテック',87,87,84,84,44000);
INSERT INTO "stock" VALUES('2013/05/21',6841,'横河電機',1197,1273,1190,1266,2903500);
INSERT INTO "stock" VALUES('2013/05/21',6842,'ユニパルス',942,942,942,942,2400);
INSERT INTO "stock" VALUES('2013/05/21',6844,'新電元工業',485,497,483,487,361000);
INSERT INTO "stock" VALUES('2013/05/21',6845,'山武',2327,2364,2320,2351,165200);
INSERT INTO "stock" VALUES('2013/05/21',6848,'東亜ディーケーケー',512,516,505,506,31200);
INSERT INTO "stock" VALUES('2013/05/21',6849,'日本光電',4300,4300,4120,4165,258900);
INSERT INTO "stock" VALUES('2013/05/21',6850,'チノー',238,246,238,246,131000);
INSERT INTO "stock" VALUES('2013/05/21',6852,'テクノ・セブン',134,134,129,129,166000);
INSERT INTO "stock" VALUES('2013/05/21',6853,'共和電業',328,328,325,328,19000);
INSERT INTO "stock" VALUES('2013/05/21',6855,'日本電子材料',431,451,430,445,26300);
INSERT INTO "stock" VALUES('2013/05/21',6856,'堀場製作所',3890,4050,3845,3980,223600);
INSERT INTO "stock" VALUES('2013/05/21',6857,'アドバンテスト',1761,1855,1753,1839,2824400);
INSERT INTO "stock" VALUES('2013/05/21',6858,'小野測器',547,547,535,540,52000);
INSERT INTO "stock" VALUES('2013/05/21',6859,'エスペック',888,905,884,901,92800);
INSERT INTO "stock" VALUES('2013/05/21',6860,'サンクス',469,485,469,473,73300);
INSERT INTO "stock" VALUES('2013/05/21',6861,'キーエンス',33250,33400,32800,32900,108900);
INSERT INTO "stock" VALUES('2013/05/21',6862,'ミナトエレクトロニクス',59,59,57,58,36000);
INSERT INTO "stock" VALUES('2013/05/21',6863,'ニレコ',699,710,680,710,8900);
INSERT INTO "stock" VALUES('2013/05/21',6864,'エヌエフ回路設計ブロック',620,620,605,605,7000);
INSERT INTO "stock" VALUES('2013/05/21',6866,'日置電機',1650,1650,1640,1646,14200);
INSERT INTO "stock" VALUES('2013/05/21',6867,'リーダー電子',0,0,0,259,0);
INSERT INTO "stock" VALUES('2013/05/21',6869,'シスメックス',6980,7000,6780,6890,594100);
INSERT INTO "stock" VALUES('2013/05/21',6870,'日本フェンオール',1187,1187,1135,1146,15700);
INSERT INTO "stock" VALUES('2013/05/21',6871,'日本マイクロニクス',691,708,686,699,167500);
INSERT INTO "stock" VALUES('2013/05/21',6874,'協立電機',1683,1690,1651,1652,3900);
INSERT INTO "stock" VALUES('2013/05/21',6875,'メガチップス',1645,1708,1642,1706,513700);
INSERT INTO "stock" VALUES('2013/05/21',6877,'ＯＢＡＲＡ',3120,3300,3030,3075,214600);
INSERT INTO "stock" VALUES('2013/05/21',6878,'長野日本無線',145,147,145,147,39000);
INSERT INTO "stock" VALUES('2013/05/21',6879,'フォトロン',376,383,367,373,62800);
INSERT INTO "stock" VALUES('2013/05/21',6881,'キョウデン',141,148,140,147,111100);
INSERT INTO "stock" VALUES('2013/05/21',6882,'三社電機製作所',659,698,659,689,43000);
INSERT INTO "stock" VALUES('2013/05/21',6883,'日本電産コパル電子',481,498,480,494,45600);
INSERT INTO "stock" VALUES('2013/05/21',6885,'ミヤチテクノス',866,867,866,866,9400);
INSERT INTO "stock" VALUES('2013/05/21',6888,'アクモス',23450,23450,21000,22070,346);
INSERT INTO "stock" VALUES('2013/05/21',6889,'オーデリック',5200,5200,4940,4965,70600);
INSERT INTO "stock" VALUES('2013/05/21',6890,'フェローテック',623,623,610,623,1721400);
INSERT INTO "stock" VALUES('2013/05/21',6891,'イーター電機工業',66,66,63,63,139000);
INSERT INTO "stock" VALUES('2013/05/21',6894,'パルステック工業',117,117,110,113,238000);
INSERT INTO "stock" VALUES('2013/05/21',6895,'ダイヤモンド電機',515,530,515,515,30000);
INSERT INTO "stock" VALUES('2013/05/21',6897,'ツインバード工業',234,234,231,234,18000);
INSERT INTO "stock" VALUES('2013/05/21',6898,'トミタ電機',165,170,164,170,19000);
INSERT INTO "stock" VALUES('2013/05/21',6899,'ＡＳＴＩ',274,276,271,272,25000);
INSERT INTO "stock" VALUES('2013/05/21',6900,'東京電波',851,863,841,842,35400);
INSERT INTO "stock" VALUES('2013/05/21',6901,'澤藤電機',291,291,285,289,51000);
INSERT INTO "stock" VALUES('2013/05/21',6902,'デンソー',4850,4930,4845,4905,1706400);
INSERT INTO "stock" VALUES('2013/05/21',6904,'原田工業',223,227,223,227,5000);
INSERT INTO "stock" VALUES('2013/05/21',6905,'コーセル',1227,1300,1227,1296,44800);
INSERT INTO "stock" VALUES('2013/05/21',6907,'ジオマテック',1075,1135,1062,1085,211400);
INSERT INTO "stock" VALUES('2013/05/21',6908,'イリソ電子工業',2333,2399,2292,2396,36900);
INSERT INTO "stock" VALUES('2013/05/21',6910,'日立メディコ',1498,1498,1480,1485,86000);
INSERT INTO "stock" VALUES('2013/05/21',6911,'新日本無線',405,423,399,421,533000);
INSERT INTO "stock" VALUES('2013/05/21',6912,'菊水電子工業',603,605,598,604,6200);
INSERT INTO "stock" VALUES('2013/05/21',6914,'オプテックス',1633,1649,1630,1641,25600);
INSERT INTO "stock" VALUES('2013/05/21',6915,'千代田インテグレ',1515,1532,1480,1484,56900);
INSERT INTO "stock" VALUES('2013/05/21',6916,'アイ・オー・データ機器',368,382,368,382,21200);
INSERT INTO "stock" VALUES('2013/05/21',6918,'アバールデータ',500,505,500,500,5900);
INSERT INTO "stock" VALUES('2013/05/21',6919,'ケル',398,400,390,390,25000);
INSERT INTO "stock" VALUES('2013/05/21',6920,'レーザーテック',2705,2768,2664,2694,60600);
INSERT INTO "stock" VALUES('2013/05/21',6923,'スタンレー電気',2078,2120,2061,2072,499300);
INSERT INTO "stock" VALUES('2013/05/21',6924,'岩崎電気',226,240,223,236,5006000);
INSERT INTO "stock" VALUES('2013/05/21',6925,'ウシオ電機',1367,1473,1362,1450,2257200);
INSERT INTO "stock" VALUES('2013/05/21',6926,'岡谷電機産業',346,349,344,347,38200);
INSERT INTO "stock" VALUES('2013/05/21',6927,'フェニックス電機',249,252,244,248,116800);
INSERT INTO "stock" VALUES('2013/05/21',6928,'エノモト',202,212,202,212,30000);
INSERT INTO "stock" VALUES('2013/05/21',6929,'日本セラミック',1900,1900,1831,1831,51500);
INSERT INTO "stock" VALUES('2013/05/21',6930,'日本アンテナ',546,550,546,546,1500);
INSERT INTO "stock" VALUES('2013/05/21',6932,'遠藤照明',3500,3540,3370,3425,143900);
INSERT INTO "stock" VALUES('2013/05/21',6935,'日本デジタル研究所',1210,1210,1197,1202,96200);
INSERT INTO "stock" VALUES('2013/05/21',6937,'古河電池',609,703,604,703,1795000);
INSERT INTO "stock" VALUES('2013/05/21',6938,'双信電機',372,394,371,390,51800);
INSERT INTO "stock" VALUES('2013/05/21',6941,'山一電機',229,237,227,232,415900);
INSERT INTO "stock" VALUES('2013/05/21',6942,'ソフィアシステムズ',95,95,90,93,332000);
INSERT INTO "stock" VALUES('2013/05/21',6943,'日本開閉器工業',636,636,627,627,16000);
INSERT INTO "stock" VALUES('2013/05/21',6944,'アイレックス',78,80,78,79,31000);
INSERT INTO "stock" VALUES('2013/05/21',6945,'富士通フロンテック',696,698,675,682,21900);
INSERT INTO "stock" VALUES('2013/05/21',6946,'日本アビオニクス',175,180,172,174,75000);
INSERT INTO "stock" VALUES('2013/05/21',6947,'図研',808,808,780,788,51600);
INSERT INTO "stock" VALUES('2013/05/21',6950,'ワイ・イー・データ',165,171,165,169,33000);
INSERT INTO "stock" VALUES('2013/05/21',6951,'日本電子',564,566,546,558,595000);
INSERT INTO "stock" VALUES('2013/05/21',6952,'カシオ計算機',985,997,974,993,1497000);
INSERT INTO "stock" VALUES('2013/05/21',6954,'ファナック',15980,16280,15950,16200,1075000);
INSERT INTO "stock" VALUES('2013/05/21',6955,'エフ・ディー・ケイ',101,123,101,115,13479000);
INSERT INTO "stock" VALUES('2013/05/21',6957,'芝浦電子',1260,1260,1250,1260,4800);
INSERT INTO "stock" VALUES('2013/05/21',6958,'日本ＣＭＫ',411,415,400,405,425900);
INSERT INTO "stock" VALUES('2013/05/21',6960,'フクダ電子',4200,4200,4150,4180,18600);
INSERT INTO "stock" VALUES('2013/05/21',6961,'エンプラス',7220,7220,6900,6940,117500);
INSERT INTO "stock" VALUES('2013/05/21',6962,'大真空',414,424,406,420,323000);
INSERT INTO "stock" VALUES('2013/05/21',6963,'ローム',4210,4340,4170,4310,674900);
INSERT INTO "stock" VALUES('2013/05/21',6964,'サンコー',312,312,311,312,8000);
INSERT INTO "stock" VALUES('2013/05/21',6965,'浜松ホトニクス',3820,3880,3780,3845,305400);
INSERT INTO "stock" VALUES('2013/05/21',6966,'三井ハイテック',768,772,753,757,80000);
INSERT INTO "stock" VALUES('2013/05/21',6967,'新光電気工業',1202,1245,1181,1230,1050900);
INSERT INTO "stock" VALUES('2013/05/21',6969,'松尾電機',115,120,115,118,119000);
INSERT INTO "stock" VALUES('2013/05/21',6971,'京セラ',10700,11050,10700,11050,638200);
INSERT INTO "stock" VALUES('2013/05/21',6972,'エルナー',118,119,117,119,110000);
INSERT INTO "stock" VALUES('2013/05/21',6973,'協栄産業',195,197,191,193,90000);
INSERT INTO "stock" VALUES('2013/05/21',6974,'日本インター',225,258,213,217,2095300);
INSERT INTO "stock" VALUES('2013/05/21',6976,'太陽誘電',1806,1887,1797,1823,2635300);
INSERT INTO "stock" VALUES('2013/05/21',6977,'日本抵抗器製作所',85,87,84,87,49000);
INSERT INTO "stock" VALUES('2013/05/21',6981,'村田製作所',8560,8690,8470,8480,1032800);
INSERT INTO "stock" VALUES('2013/05/21',6982,'リード',90,104,90,104,358000);
INSERT INTO "stock" VALUES('2013/05/21',6985,'ユーシン',888,925,875,881,233300);
INSERT INTO "stock" VALUES('2013/05/21',6986,'双葉電子工業',1449,1470,1430,1459,148700);
INSERT INTO "stock" VALUES('2013/05/21',6988,'日東電工',7160,7190,7020,7060,1038400);
INSERT INTO "stock" VALUES('2013/05/21',6989,'北陸電気工業',178,185,168,185,3173000);
INSERT INTO "stock" VALUES('2013/05/21',6992,'国産電機',277,277,277,277,7000);
INSERT INTO "stock" VALUES('2013/05/21',6993,'森電機',43,44,42,43,496500);
INSERT INTO "stock" VALUES('2013/05/21',6994,'指月電機製作所',373,378,371,372,21000);
INSERT INTO "stock" VALUES('2013/05/21',6995,'東海理化',2180,2199,2165,2183,293100);
INSERT INTO "stock" VALUES('2013/05/21',6996,'ニチコン',1061,1119,1044,1098,474900);
INSERT INTO "stock" VALUES('2013/05/21',6997,'日本ケミコン',425,442,413,423,4253000);
INSERT INTO "stock" VALUES('2013/05/21',6998,'日本タングステン',158,162,156,161,78000);
INSERT INTO "stock" VALUES('2013/05/21',6999,'ＫＯＡ',1151,1151,1120,1121,52700);
INSERT INTO "stock" VALUES('2013/05/21',7003,'三井造船',192,205,191,203,20205000);
INSERT INTO "stock" VALUES('2013/05/21',7004,'日立造船',167,181,165,180,45046000);
INSERT INTO "stock" VALUES('2013/05/21',7007,'佐世保重工業',125,134,124,134,5049000);
INSERT INTO "stock" VALUES('2013/05/21',7011,'三菱重工業',744,750,736,747,16080000);
INSERT INTO "stock" VALUES('2013/05/21',7012,'川崎重工業',385,397,381,390,26176000);
INSERT INTO "stock" VALUES('2013/05/21',7013,'石川島播磨重工業',425,440,417,432,22526000);
INSERT INTO "stock" VALUES('2013/05/21',7014,'名村造船所',1150,1200,1119,1151,770900);
INSERT INTO "stock" VALUES('2013/05/21',7018,'内海造船',199,206,199,205,53000);
INSERT INTO "stock" VALUES('2013/05/21',7021,'ニッチツ',181,182,179,179,25000);
INSERT INTO "stock" VALUES('2013/05/21',7102,'日本車輌製造',593,606,585,586,1008000);
INSERT INTO "stock" VALUES('2013/05/21',7105,'ニチユ',520,560,509,551,501000);
INSERT INTO "stock" VALUES('2013/05/21',7122,'近畿車輛',345,345,333,338,309000);
INSERT INTO "stock" VALUES('2013/05/21',7148,'ＦＰＧ',4820,4850,4680,4720,162700);
INSERT INTO "stock" VALUES('2013/05/21',7201,'日産自動車',1225,1247,1216,1232,18856900);
INSERT INTO "stock" VALUES('2013/05/21',7202,'いすゞ自動車',887,906,874,881,17728000);
INSERT INTO "stock" VALUES('2013/05/21',7203,'トヨタ自動車',6600,6740,6600,6640,15754100);
INSERT INTO "stock" VALUES('2013/05/21',7205,'日野自動車',1700,1735,1675,1716,4460000);
INSERT INTO "stock" VALUES('2013/05/21',7208,'カネミツ',702,702,690,699,8600);
INSERT INTO "stock" VALUES('2013/05/21',7211,'三菱自動車工業',156,196,153,196,1014736000);
INSERT INTO "stock" VALUES('2013/05/21',7212,'エフテック',1909,2051,1907,1981,97700);
INSERT INTO "stock" VALUES('2013/05/21',7213,'レシップ',862,873,862,862,2800);
INSERT INTO "stock" VALUES('2013/05/21',7214,'ＧＭＢ',1148,1174,1145,1164,29300);
INSERT INTO "stock" VALUES('2013/05/21',7217,'テイン',370,450,370,450,14800);
INSERT INTO "stock" VALUES('2013/05/21',7218,'田中精密工業',1007,1018,1003,1017,8700);
INSERT INTO "stock" VALUES('2013/05/21',7219,'エッチ・ケー・エス',750,750,745,745,2000);
INSERT INTO "stock" VALUES('2013/05/21',7220,'武蔵精密工業',2764,2818,2718,2784,130400);
INSERT INTO "stock" VALUES('2013/05/21',7222,'日産車体',1265,1282,1254,1261,255000);
INSERT INTO "stock" VALUES('2013/05/21',7224,'新明和工業',898,898,866,879,1227000);
INSERT INTO "stock" VALUES('2013/05/21',7226,'極東開発工業',1235,1242,1222,1235,118400);
INSERT INTO "stock" VALUES('2013/05/21',7228,'デイトナ',635,639,630,632,1200);
INSERT INTO "stock" VALUES('2013/05/21',7229,'ユタカ技研',2285,2320,2285,2302,23200);
INSERT INTO "stock" VALUES('2013/05/21',7230,'日信工業',2180,2193,2154,2176,218100);
INSERT INTO "stock" VALUES('2013/05/21',7231,'トピー工業',243,253,241,251,1751000);
INSERT INTO "stock" VALUES('2013/05/21',7233,'自動車部品工業',574,587,574,586,67000);
INSERT INTO "stock" VALUES('2013/05/21',7235,'東京ラヂエーター製造',572,575,556,565,120700);
INSERT INTO "stock" VALUES('2013/05/21',7236,'東洋ラジエーター',397,420,395,406,1245000);
INSERT INTO "stock" VALUES('2013/05/21',7238,'曙ブレーキ工業',565,566,554,561,670200);
INSERT INTO "stock" VALUES('2013/05/21',7239,'タチエス',1766,1795,1751,1791,257700);
INSERT INTO "stock" VALUES('2013/05/21',7240,'ＮＯＫ',1842,1912,1834,1904,1016100);
INSERT INTO "stock" VALUES('2013/05/21',7241,'フタバ産業',587,596,582,591,315500);
INSERT INTO "stock" VALUES('2013/05/21',7242,'カヤバ工業',626,675,620,668,3243000);
INSERT INTO "stock" VALUES('2013/05/21',7243,'シロキ工業',240,248,238,247,390000);
INSERT INTO "stock" VALUES('2013/05/21',7244,'市光工業',160,160,156,158,215000);
INSERT INTO "stock" VALUES('2013/05/21',7245,'大同メタル工業',728,755,725,753,691000);
INSERT INTO "stock" VALUES('2013/05/21',7246,'プレス工業',589,600,583,595,730000);
INSERT INTO "stock" VALUES('2013/05/21',7247,'ミクニ',339,375,333,371,474000);
INSERT INTO "stock" VALUES('2013/05/21',7248,'カルソニックカンセイ',519,522,508,513,2012000);
INSERT INTO "stock" VALUES('2013/05/21',7250,'太平洋工業',832,870,810,836,415000);
INSERT INTO "stock" VALUES('2013/05/21',7251,'ケーヒン',1699,1728,1668,1706,509100);
INSERT INTO "stock" VALUES('2013/05/21',7254,'フジユニバンス',295,305,294,305,24700);
INSERT INTO "stock" VALUES('2013/05/21',7255,'桜井製作所',670,671,660,660,1900);
INSERT INTO "stock" VALUES('2013/05/21',7256,'河西工業',668,679,651,668,133000);
INSERT INTO "stock" VALUES('2013/05/21',7259,'アイシン精機',4000,4080,3990,4055,737900);
INSERT INTO "stock" VALUES('2013/05/21',7260,'富士機工',375,385,375,382,98000);
INSERT INTO "stock" VALUES('2013/05/21',7261,'マツダ',438,472,434,450,259570000);
INSERT INTO "stock" VALUES('2013/05/21',7262,'ダイハツ工業',2200,2221,2169,2182,1472000);
INSERT INTO "stock" VALUES('2013/05/21',7264,'ムロコーポレーション',919,919,908,908,800);
INSERT INTO "stock" VALUES('2013/05/21',7265,'エイケン工業',372,379,351,351,9000);
INSERT INTO "stock" VALUES('2013/05/21',7266,'今仙電機製作所',1630,1712,1623,1675,394800);
INSERT INTO "stock" VALUES('2013/05/21',7267,'本田技研工業',4240,4305,4240,4260,5605000);
INSERT INTO "stock" VALUES('2013/05/21',7268,'タツミ',0,0,0,329,0);
INSERT INTO "stock" VALUES('2013/05/21',7269,'スズキ',2812,2848,2809,2847,2602800);
INSERT INTO "stock" VALUES('2013/05/21',7270,'富士重工業',2518,2649,2506,2631,12836000);
INSERT INTO "stock" VALUES('2013/05/21',7271,'安永',473,501,473,489,46100);
INSERT INTO "stock" VALUES('2013/05/21',7272,'ヤマハ発動機',1642,1749,1619,1719,4374300);
INSERT INTO "stock" VALUES('2013/05/21',7273,'イクヨ',89,111,89,107,1285000);
INSERT INTO "stock" VALUES('2013/05/21',7274,'ショーワ',1485,1523,1478,1492,354500);
INSERT INTO "stock" VALUES('2013/05/21',7276,'小糸製作所',2136,2166,2117,2136,354000);
INSERT INTO "stock" VALUES('2013/05/21',7277,'東京部品工業',568,579,566,575,82000);
INSERT INTO "stock" VALUES('2013/05/21',7278,'エクセディ',2732,2755,2654,2752,175500);
INSERT INTO "stock" VALUES('2013/05/21',7279,'日本ケーブル・システム',2300,2329,2282,2311,72800);
INSERT INTO "stock" VALUES('2013/05/21',7280,'ミツバ',1480,1495,1455,1473,618000);
INSERT INTO "stock" VALUES('2013/05/21',7282,'豊田合成',2769,2815,2751,2796,424300);
INSERT INTO "stock" VALUES('2013/05/21',7283,'愛三工業',1047,1056,1030,1045,115600);
INSERT INTO "stock" VALUES('2013/05/21',7284,'盟和産業',234,237,229,235,57000);
INSERT INTO "stock" VALUES('2013/05/21',7287,'日本精機',1438,1443,1421,1440,60000);
INSERT INTO "stock" VALUES('2013/05/21',7291,'日本プラスト',570,575,569,570,15700);
INSERT INTO "stock" VALUES('2013/05/21',7292,'村上開明堂',1567,1570,1546,1550,44000);
INSERT INTO "stock" VALUES('2013/05/21',7294,'ヨロズ',1840,1856,1823,1842,60100);
INSERT INTO "stock" VALUES('2013/05/21',7296,'エフ・シー・シー',2564,2619,2553,2597,222900);
INSERT INTO "stock" VALUES('2013/05/21',7297,'カーメイト',801,801,772,781,13600);
INSERT INTO "stock" VALUES('2013/05/21',7298,'八千代工業',826,835,812,814,42900);
INSERT INTO "stock" VALUES('2013/05/21',7299,'フジオーゼックス',481,482,470,474,17000);
INSERT INTO "stock" VALUES('2013/05/21',7305,'新家工業',150,153,149,152,189000);
INSERT INTO "stock" VALUES('2013/05/21',7309,'シマノ',8700,8830,8570,8740,171100);
INSERT INTO "stock" VALUES('2013/05/21',7312,'タカタ',2303,2336,2284,2309,211700);
INSERT INTO "stock" VALUES('2013/05/21',7313,'ＴＳテック',3565,3595,3475,3510,253800);
INSERT INTO "stock" VALUES('2013/05/21',7314,'小田原機器',996,996,970,970,1000);
INSERT INTO "stock" VALUES('2013/05/21',7399,'ナンシン',559,559,545,547,30000);
INSERT INTO "stock" VALUES('2013/05/21',7404,'昭和飛行機工業',1298,1298,1209,1217,122000);
INSERT INTO "stock" VALUES('2013/05/21',7408,'ジャムコ',1160,1190,1154,1185,56400);
INSERT INTO "stock" VALUES('2013/05/21',7412,'アトム',581,582,579,580,37600);
INSERT INTO "stock" VALUES('2013/05/21',7413,'創健社',112,115,112,115,5000);
INSERT INTO "stock" VALUES('2013/05/21',7414,'小野建',1065,1090,1062,1088,37500);
INSERT INTO "stock" VALUES('2013/05/21',7415,'新星堂',48,49,48,48,47000);
INSERT INTO "stock" VALUES('2013/05/21',7416,'はるやま商事',790,809,784,797,46700);
INSERT INTO "stock" VALUES('2013/05/21',7417,'南陽',651,651,651,651,300);
INSERT INTO "stock" VALUES('2013/05/21',7419,'ノジマ',680,684,671,683,22900);
INSERT INTO "stock" VALUES('2013/05/21',7420,'佐鳥電機',591,591,588,589,45800);
INSERT INTO "stock" VALUES('2013/05/21',7421,'カッパ・クリエイト',1828,1833,1826,1827,35250);
INSERT INTO "stock" VALUES('2013/05/21',7422,'東邦レマック',0,0,0,640,0);
INSERT INTO "stock" VALUES('2013/05/21',7425,'初穂商事',264,280,264,280,11000);
INSERT INTO "stock" VALUES('2013/05/21',7426,'山大',633,633,590,590,63000);
INSERT INTO "stock" VALUES('2013/05/21',7427,'エコートレーディング',875,880,875,878,17300);
INSERT INTO "stock" VALUES('2013/05/21',7430,'サンワドー',749,770,749,770,2700);
INSERT INTO "stock" VALUES('2013/05/21',7432,'ダルトン',187,187,187,187,8000);
INSERT INTO "stock" VALUES('2013/05/21',7433,'伯東',1105,1121,1099,1121,41600);
INSERT INTO "stock" VALUES('2013/05/21',7434,'オータケ',1900,1900,1900,1900,600);
INSERT INTO "stock" VALUES('2013/05/21',7435,'ナ・デックス',565,565,565,565,14000);
INSERT INTO "stock" VALUES('2013/05/21',7438,'コンドーテック',619,622,610,613,41000);
INSERT INTO "stock" VALUES('2013/05/21',7441,'Ｍｉｓｕｍｉ',0,0,0,2020,0);
INSERT INTO "stock" VALUES('2013/05/21',7442,'中山福',726,728,722,725,9400);
INSERT INTO "stock" VALUES('2013/05/21',7443,'横浜魚類',394,395,391,395,7000);
INSERT INTO "stock" VALUES('2013/05/21',7444,'ハリマ共和物産',1085,1110,1065,1065,1700);
INSERT INTO "stock" VALUES('2013/05/21',7445,'ライトオン',980,983,955,961,79500);
INSERT INTO "stock" VALUES('2013/05/21',7446,'東北化学薬品',955,955,930,930,5000);
INSERT INTO "stock" VALUES('2013/05/21',7447,'ナガイレーベン',1610,1610,1588,1602,40200);
INSERT INTO "stock" VALUES('2013/05/21',7448,'ジーンズメイト',317,317,313,316,34400);
INSERT INTO "stock" VALUES('2013/05/21',7450,'サンデー',734,751,734,751,4700);
INSERT INTO "stock" VALUES('2013/05/21',7451,'菱食',2723,2729,2700,2703,59400);
INSERT INTO "stock" VALUES('2013/05/21',7452,'マツヤ',530,530,525,527,2400);
INSERT INTO "stock" VALUES('2013/05/21',7453,'良品計画',8650,8710,8290,8310,332400);
INSERT INTO "stock" VALUES('2013/05/21',7455,'三城',530,531,525,527,33000);
INSERT INTO "stock" VALUES('2013/05/21',7456,'松田産業',1424,1445,1418,1430,69100);
INSERT INTO "stock" VALUES('2013/05/21',7458,'第一興商',2760,2787,2675,2733,193200);
INSERT INTO "stock" VALUES('2013/05/21',7459,'クラヤ三星堂',1490,1510,1490,1508,470600);
INSERT INTO "stock" VALUES('2013/05/21',7460,'ヤギ',1610,1610,1610,1610,1900);
INSERT INTO "stock" VALUES('2013/05/21',7461,'キムラ',0,0,0,345,0);
INSERT INTO "stock" VALUES('2013/05/21',7462,'ダイヤ通商',80,80,78,79,57000);
INSERT INTO "stock" VALUES('2013/05/21',7463,'アドヴァン',1394,1420,1393,1410,39100);
INSERT INTO "stock" VALUES('2013/05/21',7464,'セフテック',336,336,333,333,13000);
INSERT INTO "stock" VALUES('2013/05/21',7465,'マックスバリュ北海道',1710,1710,1708,1710,700);
INSERT INTO "stock" VALUES('2013/05/21',7466,'ＳＰＫ',1795,1802,1793,1799,7000);
INSERT INTO "stock" VALUES('2013/05/21',7467,'萩原電気',1610,1630,1530,1554,77700);
INSERT INTO "stock" VALUES('2013/05/21',7468,'アムスク',319,320,305,314,35100);
INSERT INTO "stock" VALUES('2013/05/21',7472,'鳥羽洋行',1960,1960,1960,1960,400);
INSERT INTO "stock" VALUES('2013/05/21',7474,'パオ',121,125,121,125,53000);
INSERT INTO "stock" VALUES('2013/05/21',7476,'アズワン',2237,2237,2210,2217,10100);
INSERT INTO "stock" VALUES('2013/05/21',7477,'ムラキ',94,94,92,93,55000);
INSERT INTO "stock" VALUES('2013/05/21',7480,'スズデン',510,510,504,504,35100);
INSERT INTO "stock" VALUES('2013/05/21',7481,'尾家産業',825,828,818,821,8300);
INSERT INTO "stock" VALUES('2013/05/21',7482,'シモジマ',1001,1006,1000,1000,10000);
INSERT INTO "stock" VALUES('2013/05/21',7483,'ドウシシャ',1645,1665,1573,1580,141300);
INSERT INTO "stock" VALUES('2013/05/21',7486,'サンリン',659,659,659,659,2000);
INSERT INTO "stock" VALUES('2013/05/21',7487,'小津産業',1698,1698,1696,1696,6400);
INSERT INTO "stock" VALUES('2013/05/21',7490,'日新商事',908,908,901,901,1200);
INSERT INTO "stock" VALUES('2013/05/21',7493,'マルミヤ下川',0,0,0,810,0);
INSERT INTO "stock" VALUES('2013/05/21',7494,'コナカ',1228,1235,1186,1206,155400);
INSERT INTO "stock" VALUES('2013/05/21',7500,'西川計測',1220,1240,1215,1240,5700);
INSERT INTO "stock" VALUES('2013/05/21',7501,'ティムコ',579,585,579,585,12100);
INSERT INTO "stock" VALUES('2013/05/21',7502,'プラザクリエイト',475,478,465,478,800);
INSERT INTO "stock" VALUES('2013/05/21',7503,'アイ・エム・アイ',1660,1667,1660,1666,2100);
INSERT INTO "stock" VALUES('2013/05/21',7504,'高速',975,995,973,986,16600);
INSERT INTO "stock" VALUES('2013/05/21',7505,'扶桑電通',440,440,440,440,5000);
INSERT INTO "stock" VALUES('2013/05/21',7506,'ハウス　オブ　ローゼ',1325,1325,1320,1322,2300);
INSERT INTO "stock" VALUES('2013/05/21',7508,'オートセブン',837,838,804,831,29700);
INSERT INTO "stock" VALUES('2013/05/21',7509,'アイエー',694,695,694,695,11000);
INSERT INTO "stock" VALUES('2013/05/21',7510,'竹菱電機',607,625,603,618,30100);
INSERT INTO "stock" VALUES('2013/05/21',7512,'ポスフール',516,517,511,512,6400);
INSERT INTO "stock" VALUES('2013/05/21',7513,'コジマ',325,330,323,323,99800);
INSERT INTO "stock" VALUES('2013/05/21',7514,'ヒマラヤ',1132,1137,1111,1122,14400);
INSERT INTO "stock" VALUES('2013/05/21',7515,'マルヨシセンター',0,0,0,380,0);
INSERT INTO "stock" VALUES('2013/05/21',7516,'コーナン商事',1282,1293,1276,1282,182100);
INSERT INTO "stock" VALUES('2013/05/21',7517,'黒田電気',1359,1370,1340,1362,77900);
INSERT INTO "stock" VALUES('2013/05/21',7518,'ネットワンシステムズ',914,930,903,927,1239700);
INSERT INTO "stock" VALUES('2013/05/21',7519,'五洋インテックス',154,160,153,155,306000);
INSERT INTO "stock" VALUES('2013/05/21',7520,'エコス',611,611,608,609,9100);
INSERT INTO "stock" VALUES('2013/05/21',7521,'ムサシ',1351,1359,1341,1359,16900);
INSERT INTO "stock" VALUES('2013/05/21',7522,'ワタミフードサービス',1808,1808,1791,1801,91100);
INSERT INTO "stock" VALUES('2013/05/21',7523,'アールビバン',306,310,303,310,12500);
INSERT INTO "stock" VALUES('2013/05/21',7524,'マルシェ',820,821,816,819,11000);
INSERT INTO "stock" VALUES('2013/05/21',7525,'リックス',801,801,799,799,2100);
INSERT INTO "stock" VALUES('2013/05/21',7527,'システムソフト',107,109,105,105,1140400);
INSERT INTO "stock" VALUES('2013/05/21',7531,'清和鋼業',6870,6880,6870,6880,400);
INSERT INTO "stock" VALUES('2013/05/21',7532,'ドン・キホーテ',5220,5220,5060,5110,502000);
INSERT INTO "stock" VALUES('2013/05/21',7533,'グリーンクロス',642,646,625,646,2400);
INSERT INTO "stock" VALUES('2013/05/21',7535,'グッドマン',335,335,334,334,1300);
INSERT INTO "stock" VALUES('2013/05/21',7537,'丸文',508,512,503,505,60700);
INSERT INTO "stock" VALUES('2013/05/21',7538,'大水',151,151,151,151,1000);
INSERT INTO "stock" VALUES('2013/05/21',7539,'アベルコ',549,549,548,548,5200);
INSERT INTO "stock" VALUES('2013/05/21',7541,'メガネトップ',1405,1414,1402,1404,873600);
INSERT INTO "stock" VALUES('2013/05/21',7544,'スリーエフ',499,505,499,502,2700);
INSERT INTO "stock" VALUES('2013/05/21',7545,'西松屋チェーン',1074,1075,1055,1064,191100);
INSERT INTO "stock" VALUES('2013/05/21',7550,'ゼンショー',1225,1226,1205,1210,781600);
INSERT INTO "stock" VALUES('2013/05/21',7551,'ウェッズ',1560,1560,1500,1512,21300);
INSERT INTO "stock" VALUES('2013/05/21',7552,'ハピネット',802,805,800,801,21300);
INSERT INTO "stock" VALUES('2013/05/21',7554,'幸楽苑',1222,1225,1220,1220,20000);
INSERT INTO "stock" VALUES('2013/05/21',7555,'大田花き',0,0,0,965,0);
INSERT INTO "stock" VALUES('2013/05/21',7558,'トーメンエレクトロニクス',1321,1330,1300,1313,30600);
INSERT INTO "stock" VALUES('2013/05/21',7559,'ジーエフシー',995,995,976,976,4200);
INSERT INTO "stock" VALUES('2013/05/21',7561,'ハークスレイ',807,808,798,798,18600);
INSERT INTO "stock" VALUES('2013/05/21',7562,'安楽亭',393,395,392,395,18000);
INSERT INTO "stock" VALUES('2013/05/21',7564,'ワークマン',3940,3970,3815,3815,2000);
INSERT INTO "stock" VALUES('2013/05/21',7565,'萬世電機',590,590,590,590,3000);
INSERT INTO "stock" VALUES('2013/05/21',7567,'栄電子',159,159,156,156,9000);
INSERT INTO "stock" VALUES('2013/05/21',7568,'クレックス',1005,1005,1005,1005,1000);
INSERT INTO "stock" VALUES('2013/05/21',7570,'橋本総業',951,951,945,945,2100);
INSERT INTO "stock" VALUES('2013/05/21',7571,'ヤマノホールディングコーポレーション',114,115,99,107,554500);
INSERT INTO "stock" VALUES('2013/05/21',7575,'日本ライフライン',600,605,594,605,13800);
INSERT INTO "stock" VALUES('2013/05/21',7577,'パスポート',364,364,359,359,1900);
INSERT INTO "stock" VALUES('2013/05/21',7578,'ニチリョク',221,221,220,221,3000);
INSERT INTO "stock" VALUES('2013/05/21',7581,'サイゼリヤ',1428,1430,1408,1416,208800);
INSERT INTO "stock" VALUES('2013/05/21',7585,'かんなん丸',1678,1678,1651,1670,1800);
INSERT INTO "stock" VALUES('2013/05/21',7587,'ＰＡＬＴＥＫ',417,418,413,413,1800);
INSERT INTO "stock" VALUES('2013/05/21',7590,'タカショー',579,607,579,605,310200);
INSERT INTO "stock" VALUES('2013/05/21',7591,'エクセル',1329,1350,1314,1337,70900);
INSERT INTO "stock" VALUES('2013/05/21',7594,'マルカキカイ',1367,1373,1344,1346,20300);
INSERT INTO "stock" VALUES('2013/05/21',7595,'アルゴグラフィックス',1580,1580,1563,1566,14200);
INSERT INTO "stock" VALUES('2013/05/21',7596,'魚力',1331,1332,1331,1331,13200);
INSERT INTO "stock" VALUES('2013/05/21',7597,'東京貴宝',300,300,290,290,3000);
INSERT INTO "stock" VALUES('2013/05/21',7598,'ナイスクラップ',390,390,380,380,1400);
INSERT INTO "stock" VALUES('2013/05/21',7599,'ガリバーインターナショナル',690,699,673,678,373400);
INSERT INTO "stock" VALUES('2013/05/21',7600,'日本エム・ディ・エム',288,291,286,287,85700);
INSERT INTO "stock" VALUES('2013/05/21',7601,'ポプラ',601,601,593,594,4900);
INSERT INTO "stock" VALUES('2013/05/21',7602,'ライブドアオート',55,56,53,53,886400);
INSERT INTO "stock" VALUES('2013/05/21',7603,'マックハウス',1032,1049,1032,1049,3300);
INSERT INTO "stock" VALUES('2013/05/21',7604,'梅の花',1985,1996,1982,1982,2100);
INSERT INTO "stock" VALUES('2013/05/21',7605,'フジ・コーポレーション',1865,1870,1853,1854,18200);
INSERT INTO "stock" VALUES('2013/05/21',7606,'ユナイテッドアローズ',4170,4230,4030,4075,246600);
INSERT INTO "stock" VALUES('2013/05/21',7607,'進和',1274,1279,1259,1273,10600);
INSERT INTO "stock" VALUES('2013/05/21',7608,'エスケイジャバン',339,347,336,341,97800);
INSERT INTO "stock" VALUES('2013/05/21',7609,'ダイトエレクトロン',443,449,438,442,9000);
INSERT INTO "stock" VALUES('2013/05/21',7610,'テイツー',7160,7160,6940,7060,701);
INSERT INTO "stock" VALUES('2013/05/21',7611,'ハイデイ日高',2231,2238,2192,2192,31700);
INSERT INTO "stock" VALUES('2013/05/21',7612,'トップボーイ',61,69,59,60,5810000);
INSERT INTO "stock" VALUES('2013/05/21',7613,'シークス',1348,1357,1322,1335,114400);
INSERT INTO "stock" VALUES('2013/05/21',7614,'オーエムツーネットワーク',916,920,905,907,4400);
INSERT INTO "stock" VALUES('2013/05/21',7615,'京都きもの友禅',1091,1091,1085,1086,16400);
INSERT INTO "stock" VALUES('2013/05/21',7616,'コロワイド',984,984,972,974,150500);
INSERT INTO "stock" VALUES('2013/05/21',7618,'ピーシーデポコーポレーション',33600,33600,31800,32100,331);
INSERT INTO "stock" VALUES('2013/05/21',7619,'田中商事',616,642,616,631,65400);
INSERT INTO "stock" VALUES('2013/05/21',7621,'うかい',1738,1750,1730,1750,1900);
INSERT INTO "stock" VALUES('2013/05/21',7622,'焼肉屋さかい',123,125,122,122,58300);
INSERT INTO "stock" VALUES('2013/05/21',7623,'サンオータス',435,435,425,426,1400);
INSERT INTO "stock" VALUES('2013/05/21',7624,'内藤',2050,2050,1830,1899,31110);
INSERT INTO "stock" VALUES('2013/05/21',7625,'グローバルダイニング',237,238,230,238,9600);
INSERT INTO "stock" VALUES('2013/05/21',7628,'オーハシテクニカ',946,946,916,923,50800);
INSERT INTO "stock" VALUES('2013/05/21',7630,'壱番屋',4570,4570,4525,4540,56000);
INSERT INTO "stock" VALUES('2013/05/21',7631,'マクニカ',2400,2438,2339,2427,65100);
INSERT INTO "stock" VALUES('2013/05/21',7634,'星医療酸器',2620,2640,2620,2620,2900);
INSERT INTO "stock" VALUES('2013/05/21',7635,'杉田エース',619,620,619,620,5000);
INSERT INTO "stock" VALUES('2013/05/21',7636,'ハンズマン',1200,1202,1199,1200,3200);
INSERT INTO "stock" VALUES('2013/05/21',7637,'白銅',829,845,824,840,26900);
INSERT INTO "stock" VALUES('2013/05/21',7638,'シーマ',27,29,27,28,1021100);
INSERT INTO "stock" VALUES('2013/05/21',7640,'トップカルチャー',440,440,436,436,17000);
INSERT INTO "stock" VALUES('2013/05/21',7643,'ダイイチ',967,967,967,967,200);
INSERT INTO "stock" VALUES('2013/05/21',7646,'PLANT',1110,1113,1092,1113,20200);
INSERT INTO "stock" VALUES('2013/05/21',7647,'音通',39,39,36,38,2435000);
INSERT INTO "stock" VALUES('2013/05/21',7649,'スギ薬局',3615,3630,3555,3585,209600);
INSERT INTO "stock" VALUES('2013/05/21',7701,'島津製作所',825,840,822,835,849000);
INSERT INTO "stock" VALUES('2013/05/21',7702,'ＪＭＳ',404,406,394,397,280000);
INSERT INTO "stock" VALUES('2013/05/21',7703,'川澄化学工業',732,743,722,723,62900);
INSERT INTO "stock" VALUES('2013/05/21',7705,'ジーエルサイエンス',1175,1175,1170,1173,500);
INSERT INTO "stock" VALUES('2013/05/21',7707,'プレシジョン・システム・サイエンス',193700,196700,184800,184800,2319);
INSERT INTO "stock" VALUES('2013/05/21',7708,'フォトニクス',10990,11200,10590,10900,629);
INSERT INTO "stock" VALUES('2013/05/21',7709,'クボテック',32150,34000,32100,33400,1310);
INSERT INTO "stock" VALUES('2013/05/21',7711,'助川電気工業',440,440,400,400,10000);
INSERT INTO "stock" VALUES('2013/05/21',7713,'シグマ光機',877,909,875,899,16600);
INSERT INTO "stock" VALUES('2013/05/21',7714,'モリテックス',345,352,326,336,23100);
INSERT INTO "stock" VALUES('2013/05/21',7715,'長野計器',790,791,751,763,15000);
INSERT INTO "stock" VALUES('2013/05/21',7716,'ナカニシ',13810,13890,13710,13880,10900);
INSERT INTO "stock" VALUES('2013/05/21',7717,'ブイ・テクノロジー',329500,335000,315500,317000,1238);
INSERT INTO "stock" VALUES('2013/05/21',7718,'スター精密',1191,1203,1172,1185,119100);
INSERT INTO "stock" VALUES('2013/05/21',7719,'東京衡機製造所',55,58,55,57,899000);
INSERT INTO "stock" VALUES('2013/05/21',7721,'トキメック',215,218,212,215,537000);
INSERT INTO "stock" VALUES('2013/05/21',7722,'国際計測器',1082,1082,1023,1031,105100);
INSERT INTO "stock" VALUES('2013/05/21',7723,'愛知時計電機',293,298,292,298,280000);
INSERT INTO "stock" VALUES('2013/05/21',7725,'インターアクション',68500,73400,62700,66100,11974);
INSERT INTO "stock" VALUES('2013/05/21',7726,'黒田精工',175,184,173,184,95000);
INSERT INTO "stock" VALUES('2013/05/21',7727,'オーバル',182,184,180,183,59400);
INSERT INTO "stock" VALUES('2013/05/21',7728,'日本電産トーソク',873,889,865,879,124100);
INSERT INTO "stock" VALUES('2013/05/21',7729,'東京精密',2357,2466,2312,2452,300100);
INSERT INTO "stock" VALUES('2013/05/21',7730,'マニー',3785,3790,3720,3750,23800);
INSERT INTO "stock" VALUES('2013/05/21',7731,'ニコン',2817,2914,2806,2878,3831700);
INSERT INTO "stock" VALUES('2013/05/21',7732,'トプコン',1302,1308,1266,1281,539700);
INSERT INTO "stock" VALUES('2013/05/21',7733,'オリンパス光学工業',3150,3195,3140,3185,1388000);
INSERT INTO "stock" VALUES('2013/05/21',7734,'理研計器',760,764,755,755,22300);
INSERT INTO "stock" VALUES('2013/05/21',7735,'大日本スクリーン製造',594,625,585,618,5939000);
INSERT INTO "stock" VALUES('2013/05/21',7739,'キヤノン電子',2060,2091,2048,2075,126800);
INSERT INTO "stock" VALUES('2013/05/21',7740,'タムロン',2320,2353,2304,2331,302900);
INSERT INTO "stock" VALUES('2013/05/21',7741,'ＨＯＹＡ',2166,2210,2152,2190,1774000);
INSERT INTO "stock" VALUES('2013/05/21',7743,'シード',1080,1080,1050,1052,9900);
INSERT INTO "stock" VALUES('2013/05/21',7744,'ノーリツ鋼機',921,987,890,909,1246300);
INSERT INTO "stock" VALUES('2013/05/21',7745,'エー・アンド・デイ',945,945,885,932,201700);
INSERT INTO "stock" VALUES('2013/05/21',7746,'岡本硝子',182,218,182,208,526300);
INSERT INTO "stock" VALUES('2013/05/21',7747,'朝日インテック',5800,5860,5650,5710,56300);
INSERT INTO "stock" VALUES('2013/05/21',7748,'ホロン',36900,38500,34600,36450,309);
INSERT INTO "stock" VALUES('2013/05/21',7749,'メディキット',3450,3450,3380,3430,2300);
INSERT INTO "stock" VALUES('2013/05/21',7751,'キヤノン',3770,3810,3755,3800,4189700);
INSERT INTO "stock" VALUES('2013/05/21',7752,'リコー',1326,1365,1313,1325,6989000);
INSERT INTO "stock" VALUES('2013/05/21',7756,'日本電産コパル',859,873,853,870,112800);
INSERT INTO "stock" VALUES('2013/05/21',7758,'セコニック',180,183,175,177,94000);
INSERT INTO "stock" VALUES('2013/05/21',7760,'ＩＭＶ',345,345,341,342,42000);
INSERT INTO "stock" VALUES('2013/05/21',7762,'シチズン時計',668,673,664,665,1207500);
INSERT INTO "stock" VALUES('2013/05/21',7768,'ジェコー',369,369,368,368,7000);
INSERT INTO "stock" VALUES('2013/05/21',7769,'リズム時計工業',167,169,165,169,315000);
INSERT INTO "stock" VALUES('2013/05/21',7771,'日本精密',104,104,101,103,331000);
INSERT INTO "stock" VALUES('2013/05/21',7774,'ジャパン・ティッシュ・エンジニアリング',715000,721000,638000,659000,3652);
INSERT INTO "stock" VALUES('2013/05/21',7775,'大研医器',4800,4800,4630,4735,93900);
INSERT INTO "stock" VALUES('2013/05/21',7776,'セルシード',3350,3425,2960,3110,316400);
INSERT INTO "stock" VALUES('2013/05/21',7818,'トランザクション',810,811,802,807,10200);
INSERT INTO "stock" VALUES('2013/05/21',7819,'ＳＨＯ−ＢＩ',430,430,426,426,16400);
INSERT INTO "stock" VALUES('2013/05/21',7820,'ニホンフラッシュ',3330,3395,3310,3340,23300);
INSERT INTO "stock" VALUES('2013/05/21',7821,'前田工繊',4400,4400,4270,4320,29100);
INSERT INTO "stock" VALUES('2013/05/21',7822,'永大産業',490,492,482,489,60000);
INSERT INTO "stock" VALUES('2013/05/21',7823,'アートネイチャー',1907,1950,1870,1950,41400);
INSERT INTO "stock" VALUES('2013/05/21',7825,'ＳＲＩスポーツ',1233,1234,1212,1216,39400);
INSERT INTO "stock" VALUES('2013/05/21',7826,'フルヤ金属',2760,2840,2760,2840,8000);
INSERT INTO "stock" VALUES('2013/05/21',7827,'オービス',550,570,550,570,17900);
INSERT INTO "stock" VALUES('2013/05/21',7829,'サマンサタバサジャパンリミテッド',85400,85500,82800,84000,556);
INSERT INTO "stock" VALUES('2013/05/21',7831,'ウイル・コーポレーション',109,110,107,107,10000);
INSERT INTO "stock" VALUES('2013/05/21',7832,'バンダイナムコホールディングス',1745,1790,1728,1780,1509800);
INSERT INTO "stock" VALUES('2013/05/21',7833,'アイフィスジャパン',778,796,710,751,81100);
INSERT INTO "stock" VALUES('2013/05/21',7834,'マルマン',195,197,191,193,17100);
INSERT INTO "stock" VALUES('2013/05/21',7835,'ウィズ',500,500,494,495,6300);
INSERT INTO "stock" VALUES('2013/05/21',7836,'アビックス',8750,9600,8240,9000,727);
INSERT INTO "stock" VALUES('2013/05/21',7837,'アールシーコア',1350,1380,1309,1380,14600);
INSERT INTO "stock" VALUES('2013/05/21',7838,'共立印刷',290,297,280,294,512500);
INSERT INTO "stock" VALUES('2013/05/21',7839,'ＳＨＯＥＩ',960,982,953,961,31100);
INSERT INTO "stock" VALUES('2013/05/21',7840,'フランスベッドホールディングス',229,232,228,229,688000);
INSERT INTO "stock" VALUES('2013/05/21',7841,'遠藤製作所',500,500,481,489,39300);
INSERT INTO "stock" VALUES('2013/05/21',7844,'マーベラスエンターテイメント',51000,51200,47500,48750,9903);
INSERT INTO "stock" VALUES('2013/05/21',7846,'パイロットグループホールディングス',371500,373000,365500,366000,427);
INSERT INTO "stock" VALUES('2013/05/21',7847,'グラファイトデザイン',591,591,585,589,15200);
INSERT INTO "stock" VALUES('2013/05/21',7849,'スターツ出版',220000,220000,215000,215000,4);
INSERT INTO "stock" VALUES('2013/05/21',7850,'総合商研',610,615,610,615,2000);
INSERT INTO "stock" VALUES('2013/05/21',7851,'カワセコンピュータサプライ',223,223,223,223,2000);
INSERT INTO "stock" VALUES('2013/05/21',7853,'イーディーコントライブ',1630,1640,1613,1620,645);
INSERT INTO "stock" VALUES('2013/05/21',7855,'カーディナル',648,655,639,649,7800);
INSERT INTO "stock" VALUES('2013/05/21',7856,'萩原工業',1765,1785,1765,1770,6400);
INSERT INTO "stock" VALUES('2013/05/21',7857,'セキ',0,0,0,1560,0);
INSERT INTO "stock" VALUES('2013/05/21',7858,'小野産業',163,170,163,165,15000);
INSERT INTO "stock" VALUES('2013/05/21',7859,'アルメディオ',196,197,194,197,2700);
INSERT INTO "stock" VALUES('2013/05/21',7860,'エイベックス',3205,3215,3130,3145,395400);
INSERT INTO "stock" VALUES('2013/05/21',7861,'東京リスマチック',611,618,611,615,6400);
INSERT INTO "stock" VALUES('2013/05/21',7862,'トッパン・フォームズ',925,939,917,937,150300);
INSERT INTO "stock" VALUES('2013/05/21',7863,'平賀',477,519,475,477,138700);
INSERT INTO "stock" VALUES('2013/05/21',7864,'フジシール',2950,2950,2913,2939,63600);
INSERT INTO "stock" VALUES('2013/05/21',7865,'Ｐｅｏｐｌｅ',640,640,640,640,500);
INSERT INTO "stock" VALUES('2013/05/21',7867,'トミー',503,505,500,502,370300);
INSERT INTO "stock" VALUES('2013/05/21',7868,'廣済堂',425,437,425,435,138900);
INSERT INTO "stock" VALUES('2013/05/21',7869,'日本フォームサービス',0,0,0,207,0);
INSERT INTO "stock" VALUES('2013/05/21',7871,'フクビ化学工業',0,0,0,510,0);
INSERT INTO "stock" VALUES('2013/05/21',7872,'エステール',1247,1250,1209,1230,7900);
INSERT INTO "stock" VALUES('2013/05/21',7873,'アーク',311,314,292,301,1530600);
INSERT INTO "stock" VALUES('2013/05/21',7874,'スルガ',1268,1268,1257,1258,8900);
INSERT INTO "stock" VALUES('2013/05/21',7877,'永大化工',235,237,235,237,8000);
INSERT INTO "stock" VALUES('2013/05/21',7878,'光彩工芸',177,177,177,177,4000);
INSERT INTO "stock" VALUES('2013/05/21',7879,'ノダ',542,554,538,553,12100);
INSERT INTO "stock" VALUES('2013/05/21',7883,'サンメッセ',363,363,351,351,2500);
INSERT INTO "stock" VALUES('2013/05/21',7885,'タカノ',478,482,477,480,13400);
INSERT INTO "stock" VALUES('2013/05/21',7886,'ヤマト・インダストリー',115,115,113,114,61000);
INSERT INTO "stock" VALUES('2013/05/21',7887,'南海プライウッド',409,410,407,410,11000);
INSERT INTO "stock" VALUES('2013/05/21',7888,'三光合成',472,490,472,490,153000);
INSERT INTO "stock" VALUES('2013/05/21',7889,'桑山',645,645,630,630,1200);
INSERT INTO "stock" VALUES('2013/05/21',7891,'日本ユピカ',515,520,515,515,3000);
INSERT INTO "stock" VALUES('2013/05/21',7893,'亜細亜証券印刷',718,718,712,714,26500);
INSERT INTO "stock" VALUES('2013/05/21',7894,'丸東産業',0,0,0,109,0);
INSERT INTO "stock" VALUES('2013/05/21',7895,'中央化学',485,485,484,484,200);
INSERT INTO "stock" VALUES('2013/05/21',7896,'セブン工業',133,134,133,133,13000);
INSERT INTO "stock" VALUES('2013/05/21',7897,'ホクシン',184,184,180,182,45800);
INSERT INTO "stock" VALUES('2013/05/21',7898,'住建産業',368,368,358,362,100000);
INSERT INTO "stock" VALUES('2013/05/21',7899,'オザキ軽化学',270,272,270,272,5300);
INSERT INTO "stock" VALUES('2013/05/21',7901,'マツモト',216,216,216,216,4000);
INSERT INTO "stock" VALUES('2013/05/21',7902,'ソノコム',400,479,400,414,22600);
INSERT INTO "stock" VALUES('2013/05/21',7905,'大建工業',295,295,292,293,149000);
INSERT INTO "stock" VALUES('2013/05/21',7906,'ヨネックス',585,589,581,585,4700);
INSERT INTO "stock" VALUES('2013/05/21',7908,'きもと',827,835,816,821,174500);
INSERT INTO "stock" VALUES('2013/05/21',7911,'凸版印刷',784,788,774,780,1706000);
INSERT INTO "stock" VALUES('2013/05/21',7912,'大日本印刷',1011,1018,1002,1015,2244000);
INSERT INTO "stock" VALUES('2013/05/21',7913,'図書印刷',291,303,285,290,943000);
INSERT INTO "stock" VALUES('2013/05/21',7914,'共同印刷',358,360,352,358,330000);
INSERT INTO "stock" VALUES('2013/05/21',7915,'日本写真印刷',2037,2099,2016,2059,266000);
INSERT INTO "stock" VALUES('2013/05/21',7916,'光村印刷',271,273,271,273,16000);
INSERT INTO "stock" VALUES('2013/05/21',7917,'藤森工業',3450,3575,3450,3460,49100);
INSERT INTO "stock" VALUES('2013/05/21',7918,'あかつきビーピー',868,869,865,865,3800);
INSERT INTO "stock" VALUES('2013/05/21',7919,'野崎印刷紙業',148,148,148,148,3000);
INSERT INTO "stock" VALUES('2013/05/21',7920,'三浦印刷',120,121,118,120,27000);
INSERT INTO "stock" VALUES('2013/05/21',7921,'宝印刷',811,812,808,811,42000);
INSERT INTO "stock" VALUES('2013/05/21',7922,'三光産業',745,745,745,745,700);
INSERT INTO "stock" VALUES('2013/05/21',7923,'トーイン',471,471,471,471,2500);
INSERT INTO "stock" VALUES('2013/05/21',7925,'前澤化成工業',1100,1100,1087,1090,9300);
INSERT INTO "stock" VALUES('2013/05/21',7927,'ムトー精工',883,883,852,870,13900);
INSERT INTO "stock" VALUES('2013/05/21',7928,'旭化学工業',505,505,500,505,1900);
INSERT INTO "stock" VALUES('2013/05/21',7932,'ニッピ',1480,1480,1420,1434,16000);
INSERT INTO "stock" VALUES('2013/05/21',7936,'アシックス',1694,1730,1677,1691,874900);
INSERT INTO "stock" VALUES('2013/05/21',7937,'ツツミ',2880,2880,2827,2864,8100);
INSERT INTO "stock" VALUES('2013/05/21',7938,'リーガルコーポレーション',402,402,387,392,141000);
INSERT INTO "stock" VALUES('2013/05/21',7939,'研創',310,310,309,309,2000);
INSERT INTO "stock" VALUES('2013/05/21',7942,'ＪＳＰ',1612,1647,1612,1641,110500);
INSERT INTO "stock" VALUES('2013/05/21',7943,'ニチハ',1585,1600,1555,1563,105300);
INSERT INTO "stock" VALUES('2013/05/21',7944,'ローランド',1030,1033,1005,1014,24600);
INSERT INTO "stock" VALUES('2013/05/21',7946,'光陽社',89,102,82,84,1993000);
INSERT INTO "stock" VALUES('2013/05/21',7947,'エフピコ',6300,6450,6270,6300,61700);
INSERT INTO "stock" VALUES('2013/05/21',7949,'小松ウオール工業',2361,2367,2282,2288,70300);
INSERT INTO "stock" VALUES('2013/05/21',7951,'ヤマハ',1193,1221,1193,1216,583600);
INSERT INTO "stock" VALUES('2013/05/21',7952,'河合楽器製作所',181,182,179,180,696000);
INSERT INTO "stock" VALUES('2013/05/21',7955,'クリナップ',812,828,789,802,54200);
INSERT INTO "stock" VALUES('2013/05/21',7956,'ピジョン',8220,8280,8010,8010,153000);
INSERT INTO "stock" VALUES('2013/05/21',7957,'フジコピアン',223,223,218,218,19000);
INSERT INTO "stock" VALUES('2013/05/21',7958,'天馬',1364,1366,1349,1359,34500);
INSERT INTO "stock" VALUES('2013/05/21',7961,'兼松日産農林',174,177,170,171,888000);
INSERT INTO "stock" VALUES('2013/05/21',7962,'キングジム',819,819,815,815,19000);
INSERT INTO "stock" VALUES('2013/05/21',7963,'興研',1902,1970,1902,1958,20500);
INSERT INTO "stock" VALUES('2013/05/21',7965,'象印マホービン',355,356,350,356,49000);
INSERT INTO "stock" VALUES('2013/05/21',7966,'リンテック',1989,2024,1973,2022,209500);
INSERT INTO "stock" VALUES('2013/05/21',7968,'田崎真珠',556,556,550,551,9100);
INSERT INTO "stock" VALUES('2013/05/21',7970,'信越ポリマー',398,399,390,391,188400);
INSERT INTO "stock" VALUES('2013/05/21',7971,'東リ',227,228,224,224,90000);
INSERT INTO "stock" VALUES('2013/05/21',7972,'イトーキ　クレビオ',550,584,548,583,712900);
INSERT INTO "stock" VALUES('2013/05/21',7974,'任天堂',11100,11550,11090,11420,872700);
INSERT INTO "stock" VALUES('2013/05/21',7975,'リヒトラブ',187,188,186,186,5000);
INSERT INTO "stock" VALUES('2013/05/21',7976,'三菱鉛筆',2042,2061,2002,2038,19400);
INSERT INTO "stock" VALUES('2013/05/21',7979,'松風',930,935,922,922,7100);
INSERT INTO "stock" VALUES('2013/05/21',7980,'重松製作所',745,745,693,700,43000);
INSERT INTO "stock" VALUES('2013/05/21',7981,'タカラスタンダード',770,772,762,762,95000);
INSERT INTO "stock" VALUES('2013/05/21',7983,'ミロク製作所',251,251,251,251,1000);
INSERT INTO "stock" VALUES('2013/05/21',7984,'コクヨ',786,790,781,786,150900);
INSERT INTO "stock" VALUES('2013/05/21',7985,'ネポン',292,310,287,289,77000);
INSERT INTO "stock" VALUES('2013/05/21',7986,'キング工業',96,96,95,95,16000);
INSERT INTO "stock" VALUES('2013/05/21',7987,'ナカバヤシ',210,210,208,210,74000);
INSERT INTO "stock" VALUES('2013/05/21',7988,'ニフコ',2301,2339,2285,2336,198400);
INSERT INTO "stock" VALUES('2013/05/21',7989,'立川ブラインド工業',528,528,526,527,6900);
INSERT INTO "stock" VALUES('2013/05/21',7990,'ダイワ精工',138,139,136,137,356000);
INSERT INTO "stock" VALUES('2013/05/21',7991,'マミヤ・オーピー',229,232,227,227,179000);
INSERT INTO "stock" VALUES('2013/05/21',7992,'セーラー万年筆',49,50,49,49,192000);
INSERT INTO "stock" VALUES('2013/05/21',7994,'岡村製作所',712,715,702,703,240000);
INSERT INTO "stock" VALUES('2013/05/21',7995,'日本バルカー工業',268,276,267,275,698000);
INSERT INTO "stock" VALUES('2013/05/21',7997,'くろがね工作所',97,97,94,95,35000);
INSERT INTO "stock" VALUES('2013/05/21',7999,'武藤工業',311,323,303,308,810000);
INSERT INTO "stock" VALUES('2013/05/21',8001,'伊藤忠商事',1388,1444,1379,1439,10284500);
INSERT INTO "stock" VALUES('2013/05/21',8002,'丸紅',775,828,771,823,35373000);
INSERT INTO "stock" VALUES('2013/05/21',8005,'ムトウ',280,284,278,280,68600);
INSERT INTO "stock" VALUES('2013/05/21',8006,'ユアサ・フナショク',240,240,238,238,21000);
INSERT INTO "stock" VALUES('2013/05/21',8007,'高島',370,395,360,395,15411000);
INSERT INTO "stock" VALUES('2013/05/21',8008,'アスティ',1800,1810,1720,1726,63400);
INSERT INTO "stock" VALUES('2013/05/21',8011,'三陽商会',294,295,291,294,274000);
INSERT INTO "stock" VALUES('2013/05/21',8012,'長瀬産業',1415,1469,1402,1462,324800);
INSERT INTO "stock" VALUES('2013/05/21',8013,'ナイガイ',71,71,69,70,2025000);
INSERT INTO "stock" VALUES('2013/05/21',8014,'蝶理',1127,1134,1111,1124,31400);
INSERT INTO "stock" VALUES('2013/05/21',8015,'豊田通商',2915,3000,2896,2989,1258300);
INSERT INTO "stock" VALUES('2013/05/21',8016,'オンワード樫山',905,915,898,910,612000);
INSERT INTO "stock" VALUES('2013/05/21',8018,'三共生興',397,401,390,393,146700);
INSERT INTO "stock" VALUES('2013/05/21',8020,'兼松',129,135,128,135,9084000);
INSERT INTO "stock" VALUES('2013/05/21',8022,'ミズノ',537,538,521,527,886000);
INSERT INTO "stock" VALUES('2013/05/21',8023,'大興電子通信',161,165,161,165,10000);
INSERT INTO "stock" VALUES('2013/05/21',8025,'ツカモト',183,184,179,180,208000);
INSERT INTO "stock" VALUES('2013/05/21',8028,'ファミリーマート',4560,4705,4545,4705,564300);
INSERT INTO "stock" VALUES('2013/05/21',8029,'レナウンルック',372,385,372,380,1085000);
INSERT INTO "stock" VALUES('2013/05/21',8030,'中央魚類',219,220,219,220,15000);
INSERT INTO "stock" VALUES('2013/05/21',8031,'三井物産',1480,1544,1465,1539,26158100);
INSERT INTO "stock" VALUES('2013/05/21',8032,'日本紙パルプ商事',314,314,311,313,91000);
INSERT INTO "stock" VALUES('2013/05/21',8035,'東京エレクトロン',5740,6030,5700,5980,2204900);
INSERT INTO "stock" VALUES('2013/05/21',8036,'日立ハイテクノロジーズ',2529,2614,2520,2604,749300);
INSERT INTO "stock" VALUES('2013/05/21',8037,'カメイ',883,906,880,885,66500);
INSERT INTO "stock" VALUES('2013/05/21',8038,'東都水産',154,158,152,155,685000);
INSERT INTO "stock" VALUES('2013/05/21',8039,'築地魚市場',98,99,96,96,118000);
INSERT INTO "stock" VALUES('2013/05/21',8040,'東京ソワール',300,300,298,298,3000);
INSERT INTO "stock" VALUES('2013/05/21',8041,'大阪魚市場',183,183,180,182,17000);
INSERT INTO "stock" VALUES('2013/05/21',8043,'スターゼン',257,260,257,259,45000);
INSERT INTO "stock" VALUES('2013/05/21',8044,'大都魚類',106,107,106,107,25000);
INSERT INTO "stock" VALUES('2013/05/21',8045,'横浜丸魚',422,422,421,421,6000);
INSERT INTO "stock" VALUES('2013/05/21',8046,'丸藤シートパイル',239,239,238,238,31000);
INSERT INTO "stock" VALUES('2013/05/21',8050,'セイコー',519,519,495,496,2131000);
INSERT INTO "stock" VALUES('2013/05/21',8051,'山善',667,679,664,667,105500);
INSERT INTO "stock" VALUES('2013/05/21',8052,'椿本興業',283,289,280,288,109000);
INSERT INTO "stock" VALUES('2013/05/21',8053,'住友商事',1418,1571,1412,1561,24349500);
INSERT INTO "stock" VALUES('2013/05/21',8056,'日本ユニシス',973,983,948,955,523700);
INSERT INTO "stock" VALUES('2013/05/21',8057,'内田洋行',313,317,313,315,324000);
INSERT INTO "stock" VALUES('2013/05/21',8058,'三菱商事',1925,2013,1920,2010,29349400);
INSERT INTO "stock" VALUES('2013/05/21',8059,'第一実業',495,499,491,494,183000);
INSERT INTO "stock" VALUES('2013/05/21',8060,'キヤノン販売',1473,1480,1448,1468,176900);
INSERT INTO "stock" VALUES('2013/05/21',8061,'西華産業',307,307,296,297,367000);
INSERT INTO "stock" VALUES('2013/05/21',8065,'佐藤商事',610,625,606,624,45100);
INSERT INTO "stock" VALUES('2013/05/21',8066,'三谷商事',1682,1705,1670,1705,23100);
INSERT INTO "stock" VALUES('2013/05/21',8068,'菱洋エレクトロ',912,918,906,908,51100);
INSERT INTO "stock" VALUES('2013/05/21',8070,'東京産業',338,342,336,342,44500);
INSERT INTO "stock" VALUES('2013/05/21',8072,'日本出版貿易',182,182,182,182,4000);
INSERT INTO "stock" VALUES('2013/05/21',8073,'ティー・ゾーン',152,152,141,142,67800);
INSERT INTO "stock" VALUES('2013/05/21',8074,'ユアサ商事',210,217,208,213,3682000);
INSERT INTO "stock" VALUES('2013/05/21',8075,'神鋼商事',207,215,204,214,824000);
INSERT INTO "stock" VALUES('2013/05/21',8077,'小林産業',248,249,241,247,13700);
INSERT INTO "stock" VALUES('2013/05/21',8078,'阪和興業',389,410,387,410,1767000);
INSERT INTO "stock" VALUES('2013/05/21',8079,'正栄食品工業',740,746,739,744,7200);
INSERT INTO "stock" VALUES('2013/05/21',8081,'カナデン',659,664,651,663,28000);
INSERT INTO "stock" VALUES('2013/05/21',8084,'菱電商事',705,708,670,705,122000);
INSERT INTO "stock" VALUES('2013/05/21',8085,'楢崎産業',197,198,194,197,112000);
INSERT INTO "stock" VALUES('2013/05/21',8086,'ニプロ',1218,1218,1121,1171,6914400);
INSERT INTO "stock" VALUES('2013/05/21',8087,'フルサト工業',1088,1089,1075,1085,14900);
INSERT INTO "stock" VALUES('2013/05/21',8088,'岩谷産業',438,448,437,440,715000);
INSERT INTO "stock" VALUES('2013/05/21',8089,'ナイス',257,258,256,257,82000);
INSERT INTO "stock" VALUES('2013/05/21',8090,'昭光通商',147,152,147,151,600000);
INSERT INTO "stock" VALUES('2013/05/21',8091,'ニチモウ',212,213,208,210,262000);
INSERT INTO "stock" VALUES('2013/05/21',8093,'極東貿易',268,277,260,271,817000);
INSERT INTO "stock" VALUES('2013/05/21',8095,'イワキ',226,226,223,225,53000);
INSERT INTO "stock" VALUES('2013/05/21',8096,'兼松エレクトロニクス',1398,1398,1358,1378,76000);
INSERT INTO "stock" VALUES('2013/05/21',8097,'三愛石油',429,431,421,421,117000);
INSERT INTO "stock" VALUES('2013/05/21',8098,'稲畑産業',852,859,834,846,155600);
INSERT INTO "stock" VALUES('2013/05/21',8101,'ジーエスアイクレオス',143,148,142,147,1196000);
INSERT INTO "stock" VALUES('2013/05/21',8103,'明和産業',404,412,398,402,234900);
INSERT INTO "stock" VALUES('2013/05/21',8104,'クワザワ',440,440,426,428,15000);
INSERT INTO "stock" VALUES('2013/05/21',8105,'丸正',64,64,63,64,155000);
INSERT INTO "stock" VALUES('2013/05/21',8107,'キムラタン',10,11,10,10,7223000);
INSERT INTO "stock" VALUES('2013/05/21',8108,'ヤマエ久野',920,920,917,918,900);
INSERT INTO "stock" VALUES('2013/05/21',8111,'ゴールドウイン',544,560,542,545,129000);
INSERT INTO "stock" VALUES('2013/05/21',8113,'ユニ・チャーム',6460,6480,6370,6370,394700);
INSERT INTO "stock" VALUES('2013/05/21',8114,'デサント',729,729,715,718,70000);
INSERT INTO "stock" VALUES('2013/05/21',8115,'ムーンバット',198,201,198,199,153000);
INSERT INTO "stock" VALUES('2013/05/21',8117,'中央自動車工業',729,734,728,729,32000);
INSERT INTO "stock" VALUES('2013/05/21',8118,'キング',473,473,458,473,24700);
INSERT INTO "stock" VALUES('2013/05/21',8119,'三栄コーポレーション',624,629,624,624,20000);
INSERT INTO "stock" VALUES('2013/05/21',8120,'大木',486,486,485,485,1200);
INSERT INTO "stock" VALUES('2013/05/21',8123,'川辺',161,170,161,163,30000);
INSERT INTO "stock" VALUES('2013/05/21',8125,'ワキタ',1215,1215,1181,1181,69000);
INSERT INTO "stock" VALUES('2013/05/21',8127,'ヤマトインターナショナル',465,471,465,469,28400);
INSERT INTO "stock" VALUES('2013/05/21',8129,'東邦薬品',2079,2119,2068,2103,165500);
INSERT INTO "stock" VALUES('2013/05/21',8130,'サンゲツ',2750,2750,2701,2728,43800);
INSERT INTO "stock" VALUES('2013/05/21',8131,'ミツウロコ',526,526,522,522,31400);
INSERT INTO "stock" VALUES('2013/05/21',8132,'シナネン',403,404,399,401,112000);
INSERT INTO "stock" VALUES('2013/05/21',8133,'伊藤忠エネクス',557,564,551,562,108800);
INSERT INTO "stock" VALUES('2013/05/21',8135,'ゼット',111,112,105,112,19000);
INSERT INTO "stock" VALUES('2013/05/21',8136,'サンリオ',5350,5460,5270,5330,455800);
INSERT INTO "stock" VALUES('2013/05/21',8137,'サンワテクノス',1060,1079,1036,1044,84000);
INSERT INTO "stock" VALUES('2013/05/21',8138,'三京化成',269,269,261,261,6000);
INSERT INTO "stock" VALUES('2013/05/21',8139,'ナガホリ',251,253,251,251,15000);
INSERT INTO "stock" VALUES('2013/05/21',8140,'リョーサン',1840,1854,1819,1846,135300);
INSERT INTO "stock" VALUES('2013/05/21',8141,'新光商事',927,935,920,923,56900);
INSERT INTO "stock" VALUES('2013/05/21',8142,'トーホー',375,375,372,372,24000);
INSERT INTO "stock" VALUES('2013/05/21',8143,'ラピーヌ',104,104,102,104,54000);
INSERT INTO "stock" VALUES('2013/05/21',8144,'電響社',590,596,590,596,10000);
INSERT INTO "stock" VALUES('2013/05/21',8147,'トミタ',440,440,435,436,2900);
INSERT INTO "stock" VALUES('2013/05/21',8148,'上原成商事',410,411,410,411,6000);
INSERT INTO "stock" VALUES('2013/05/21',8150,'三信電気',672,682,659,664,237200);
INSERT INTO "stock" VALUES('2013/05/21',8151,'東陽テクニカ',1495,1509,1477,1487,79900);
INSERT INTO "stock" VALUES('2013/05/21',8152,'ソマール',215,219,214,214,30000);
INSERT INTO "stock" VALUES('2013/05/21',8153,'モスフードサービス',1935,1939,1926,1938,47800);
INSERT INTO "stock" VALUES('2013/05/21',8154,'加賀電子',877,881,869,873,56400);
INSERT INTO "stock" VALUES('2013/05/21',8155,'三益半導体工業',1070,1097,1065,1073,94100);
INSERT INTO "stock" VALUES('2013/05/21',8157,'都築電気',0,0,0,481,0);
INSERT INTO "stock" VALUES('2013/05/21',8158,'ソーダニッカ',425,428,422,424,20000);
INSERT INTO "stock" VALUES('2013/05/21',8159,'立花エレテック',1079,1083,1060,1064,16400);
INSERT INTO "stock" VALUES('2013/05/21',8160,'木曽路',1923,1924,1907,1911,22900);
INSERT INTO "stock" VALUES('2013/05/21',8163,'サト　レストランシステムズ',600,600,596,600,39900);
INSERT INTO "stock" VALUES('2013/05/21',8165,'千趣会',978,978,960,961,52400);
INSERT INTO "stock" VALUES('2013/05/21',8166,'タカキュー',415,416,405,409,40000);
INSERT INTO "stock" VALUES('2013/05/21',8167,'丸久',950,978,943,978,5800);
INSERT INTO "stock" VALUES('2013/05/21',8168,'ケーヨー',497,498,495,496,65400);
INSERT INTO "stock" VALUES('2013/05/21',8170,'アデランス',1576,1587,1533,1543,84500);
INSERT INTO "stock" VALUES('2013/05/21',8173,'上新電機',860,875,860,861,20000);
INSERT INTO "stock" VALUES('2013/05/21',8174,'日本瓦斯',1264,1264,1222,1222,14500);
INSERT INTO "stock" VALUES('2013/05/21',8175,'ベスト電器',214,215,211,211,302500);
INSERT INTO "stock" VALUES('2013/05/21',8178,'マルエツ',341,344,341,343,45000);
INSERT INTO "stock" VALUES('2013/05/21',8179,'ロイヤル',1560,1560,1539,1543,73600);
INSERT INTO "stock" VALUES('2013/05/21',8181,'東天紅',212,217,212,217,63000);
INSERT INTO "stock" VALUES('2013/05/21',8182,'いなげや',1007,1010,1001,1001,17600);
INSERT INTO "stock" VALUES('2013/05/21',8184,'島忠',2670,2679,2627,2669,97700);
INSERT INTO "stock" VALUES('2013/05/21',8185,'チヨダ',2830,2841,2789,2806,58700);
INSERT INTO "stock" VALUES('2013/05/21',8186,'大塚家具',1188,1191,1163,1180,14900);
INSERT INTO "stock" VALUES('2013/05/21',8191,'光製作所',730,730,696,716,4000);
INSERT INTO "stock" VALUES('2013/05/21',8194,'ライフコーポレーション',1350,1350,1320,1320,13600);
INSERT INTO "stock" VALUES('2013/05/21',8196,'カスミ',670,672,668,669,49700);
INSERT INTO "stock" VALUES('2013/05/21',8198,'マックスバリュ東海',1321,1334,1321,1330,3900);
INSERT INTO "stock" VALUES('2013/05/21',8200,'リンガーハット',1466,1475,1454,1471,43900);
INSERT INTO "stock" VALUES('2013/05/21',8201,'さが美',118,120,118,120,34000);
INSERT INTO "stock" VALUES('2013/05/21',8202,'ラオックス',44,45,43,44,6208000);
INSERT INTO "stock" VALUES('2013/05/21',8203,'Ｍｒ　Ｍａｘ',358,360,355,355,26500);
INSERT INTO "stock" VALUES('2013/05/21',8205,'日本シャクリー',1428,1428,1310,1400,92000);
INSERT INTO "stock" VALUES('2013/05/21',8207,'テンアライド',305,306,304,304,17100);
INSERT INTO "stock" VALUES('2013/05/21',8208,'エンチョー',467,467,466,466,3000);
INSERT INTO "stock" VALUES('2013/05/21',8209,'フレンドリー',287,287,287,287,1000);
INSERT INTO "stock" VALUES('2013/05/21',8214,'アオキインターナショナル',3120,3120,3000,3020,161200);
INSERT INTO "stock" VALUES('2013/05/21',8215,'銀座山形屋',95,98,95,96,22000);
INSERT INTO "stock" VALUES('2013/05/21',8217,'オークワ',1067,1069,1060,1067,26000);
INSERT INTO "stock" VALUES('2013/05/21',8218,'コメリ',2939,2953,2910,2935,147600);
INSERT INTO "stock" VALUES('2013/05/21',8219,'青山商事',3070,3165,3065,3135,384200);
INSERT INTO "stock" VALUES('2013/05/21',8225,'タカチホ',144,145,144,144,3000);
INSERT INTO "stock" VALUES('2013/05/21',8226,'理経',115,116,111,113,158500);
INSERT INTO "stock" VALUES('2013/05/21',8227,'しまむら',12070,12210,11960,12160,119200);
INSERT INTO "stock" VALUES('2013/05/21',8229,'ハックキミサワ',394,399,394,396,14200);
INSERT INTO "stock" VALUES('2013/05/21',8230,'はせがわ',675,695,671,695,44700);
INSERT INTO "stock" VALUES('2013/05/21',8233,'高島屋',1060,1063,1045,1057,1776000);
INSERT INTO "stock" VALUES('2013/05/21',8237,'松屋',1586,1595,1534,1547,125000);
INSERT INTO "stock" VALUES('2013/05/21',8242,'阪急百貨店',959,978,943,974,2318000);
INSERT INTO "stock" VALUES('2013/05/21',8244,'近鉄百貨店',323,324,321,324,130000);
INSERT INTO "stock" VALUES('2013/05/21',8245,'丸栄',111,111,109,110,50000);
INSERT INTO "stock" VALUES('2013/05/21',8247,'大和',112,113,112,112,7000);
INSERT INTO "stock" VALUES('2013/05/21',8248,'ニッセン',362,364,360,363,60800);
INSERT INTO "stock" VALUES('2013/05/21',8249,'東洋物産',897,900,888,893,5700);
INSERT INTO "stock" VALUES('2013/05/21',8251,'パルコ',1207,1207,1174,1186,87900);
INSERT INTO "stock" VALUES('2013/05/21',8252,'丸井',1110,1116,1096,1114,1733200);
INSERT INTO "stock" VALUES('2013/05/21',8253,'クレディセゾン',2930,2947,2812,2832,1642100);
INSERT INTO "stock" VALUES('2013/05/21',8254,'さいか屋',80,81,79,80,323000);
INSERT INTO "stock" VALUES('2013/05/21',8255,'原信',1720,1720,1705,1712,7600);
INSERT INTO "stock" VALUES('2013/05/21',8256,'プロルート丸光',143,143,140,140,25500);
INSERT INTO "stock" VALUES('2013/05/21',8257,'山陽百貨店',0,0,0,1491,0);
INSERT INTO "stock" VALUES('2013/05/21',8260,'井筒屋',100,100,99,100,696000);
INSERT INTO "stock" VALUES('2013/05/21',8263,'ダイエー',367,370,355,361,786750);
INSERT INTO "stock" VALUES('2013/05/21',8266,'イズミヤ',492,492,489,489,46000);
INSERT INTO "stock" VALUES('2013/05/21',8267,'イオン',1296,1303,1288,1298,4040200);
INSERT INTO "stock" VALUES('2013/05/21',8270,'ユニー',701,725,701,725,2594900);
INSERT INTO "stock" VALUES('2013/05/21',8273,'イズミ',2820,2844,2785,2837,183400);
INSERT INTO "stock" VALUES('2013/05/21',8274,'東武ストア',275,276,274,276,12000);
INSERT INTO "stock" VALUES('2013/05/21',8275,'フォーバル',519,530,510,525,24800);
INSERT INTO "stock" VALUES('2013/05/21',8276,'平和堂',1740,1761,1728,1757,92800);
INSERT INTO "stock" VALUES('2013/05/21',8278,'フジ',1781,1800,1781,1797,18300);
INSERT INTO "stock" VALUES('2013/05/21',8279,'ヤオコー',4150,4170,4050,4060,14100);
INSERT INTO "stock" VALUES('2013/05/21',8281,'ゼビオ',2250,2254,2146,2161,255600);
INSERT INTO "stock" VALUES('2013/05/21',8282,'ケーズデンキ',3155,3160,3115,3125,163800);
INSERT INTO "stock" VALUES('2013/05/21',8287,'マックスバリュ西日本',1320,1320,1315,1317,4800);
INSERT INTO "stock" VALUES('2013/05/21',8289,'オリンピック',703,708,700,700,3800);
INSERT INTO "stock" VALUES('2013/05/21',8291,'東京日産自動車販売',379,379,359,365,344000);
INSERT INTO "stock" VALUES('2013/05/21',8298,'ファミリー',625,625,614,625,10000);
INSERT INTO "stock" VALUES('2013/05/21',8301,'日本銀行',66900,68900,66900,67800,600);
INSERT INTO "stock" VALUES('2013/05/21',8303,'新生銀行',271,272,260,261,27588000);
INSERT INTO "stock" VALUES('2013/05/21',8304,'あおぞら銀行',324,325,322,325,6654000);
INSERT INTO "stock" VALUES('2013/05/21',8306,'三菱ＵＦＪフィナンシャル・グループ',696,702,689,690,103885000);
INSERT INTO "stock" VALUES('2013/05/21',8308,'りそなホールディングス',548,548,535,538,20624400);
INSERT INTO "stock" VALUES('2013/05/21',8309,'三井トラスト・ホールディングス',538,540,518,521,49133000);
INSERT INTO "stock" VALUES('2013/05/21',8316,'三井住友フィナンシャルグループ',4655,4675,4585,4640,12904300);
INSERT INTO "stock" VALUES('2013/05/21',8324,'第四銀行',390,393,385,385,381000);
INSERT INTO "stock" VALUES('2013/05/21',8325,'北越銀行',232,233,229,229,173000);
INSERT INTO "stock" VALUES('2013/05/21',8327,'西日本銀行',306,306,293,293,3069000);
INSERT INTO "stock" VALUES('2013/05/21',8331,'千葉銀行',739,746,733,736,3976000);
INSERT INTO "stock" VALUES('2013/05/21',8332,'横浜銀行',597,599,592,595,7510000);
INSERT INTO "stock" VALUES('2013/05/21',8333,'常陽銀行',603,606,596,601,2104000);
INSERT INTO "stock" VALUES('2013/05/21',8334,'群馬銀行',616,616,606,611,1358000);
INSERT INTO "stock" VALUES('2013/05/21',8336,'武蔵野銀行',3710,3710,3600,3610,137900);
INSERT INTO "stock" VALUES('2013/05/21',8337,'千葉興業銀行',870,875,855,862,157500);
INSERT INTO "stock" VALUES('2013/05/21',8338,'関東銀行',465,468,452,454,190500);
INSERT INTO "stock" VALUES('2013/05/21',8339,'東京都民銀行',1474,1494,1386,1412,211000);
INSERT INTO "stock" VALUES('2013/05/21',8341,'七十七銀行',533,533,515,515,2414000);
INSERT INTO "stock" VALUES('2013/05/21',8342,'青森銀行',298,298,295,296,191000);
INSERT INTO "stock" VALUES('2013/05/21',8343,'秋田銀行',283,285,277,281,215000);
INSERT INTO "stock" VALUES('2013/05/21',8344,'山形銀行',483,484,476,477,122000);
INSERT INTO "stock" VALUES('2013/05/21',8345,'岩手銀行',4470,4495,4400,4425,22000);
INSERT INTO "stock" VALUES('2013/05/21',8346,'東邦銀行',327,331,327,329,246000);
INSERT INTO "stock" VALUES('2013/05/21',8349,'東北銀行',160,161,158,160,183000);
INSERT INTO "stock" VALUES('2013/05/21',8350,'みちのく銀行',234,234,228,229,155000);
INSERT INTO "stock" VALUES('2013/05/21',8355,'静岡銀行',1236,1248,1229,1236,1786000);
INSERT INTO "stock" VALUES('2013/05/21',8356,'十六銀行',441,443,432,434,526000);
INSERT INTO "stock" VALUES('2013/05/21',8358,'スルガ銀行',1845,1845,1799,1812,534000);
INSERT INTO "stock" VALUES('2013/05/21',8359,'八十二銀行',652,655,641,643,886000);
INSERT INTO "stock" VALUES('2013/05/21',8360,'山梨中央銀行',495,495,488,489,190000);
INSERT INTO "stock" VALUES('2013/05/21',8361,'大垣共立銀行',358,358,353,354,372000);
INSERT INTO "stock" VALUES('2013/05/21',8362,'福井銀行',215,216,209,212,378000);
INSERT INTO "stock" VALUES('2013/05/21',8363,'北國銀行',403,403,392,395,690000);
INSERT INTO "stock" VALUES('2013/05/21',8364,'清水銀行',2907,2938,2884,2911,6000);
INSERT INTO "stock" VALUES('2013/05/21',8366,'滋賀銀行',616,617,605,606,462000);
INSERT INTO "stock" VALUES('2013/05/21',8367,'南都銀行',429,430,415,423,251000);
INSERT INTO "stock" VALUES('2013/05/21',8368,'百五銀行',475,475,466,466,303000);
INSERT INTO "stock" VALUES('2013/05/21',8369,'京都銀行',1041,1042,1019,1021,655000);
INSERT INTO "stock" VALUES('2013/05/21',8374,'三重銀行',240,244,240,242,233000);
INSERT INTO "stock" VALUES('2013/05/21',8377,'ほくぎんフィナンシャルグループ',229,229,222,225,6241000);
INSERT INTO "stock" VALUES('2013/05/21',8379,'広島銀行',487,489,475,475,1474000);
INSERT INTO "stock" VALUES('2013/05/21',8381,'山陰合同銀行',829,832,809,811,340000);
INSERT INTO "stock" VALUES('2013/05/21',8382,'中国銀行',1702,1702,1663,1673,323000);
INSERT INTO "stock" VALUES('2013/05/21',8383,'鳥取銀行',210,214,210,211,54000);
INSERT INTO "stock" VALUES('2013/05/21',8385,'伊予銀行',1041,1049,1022,1027,388000);
INSERT INTO "stock" VALUES('2013/05/21',8386,'百十四銀行',374,375,370,372,284000);
INSERT INTO "stock" VALUES('2013/05/21',8387,'四国銀行',292,293,286,291,170000);
INSERT INTO "stock" VALUES('2013/05/21',8388,'阿波銀行',622,629,618,621,319000);
INSERT INTO "stock" VALUES('2013/05/21',8390,'鹿児島銀行',713,720,713,715,263000);
INSERT INTO "stock" VALUES('2013/05/21',8392,'大分銀行',359,363,359,359,196000);
INSERT INTO "stock" VALUES('2013/05/21',8393,'宮崎銀行',335,335,329,329,362000);
INSERT INTO "stock" VALUES('2013/05/21',8394,'肥後銀行',675,680,671,674,303000);
INSERT INTO "stock" VALUES('2013/05/21',8395,'佐賀銀行',242,244,241,241,111000);
INSERT INTO "stock" VALUES('2013/05/21',8396,'十八銀行',265,266,258,260,153000);
INSERT INTO "stock" VALUES('2013/05/21',8397,'沖縄銀行',4620,4625,4465,4475,38700);
INSERT INTO "stock" VALUES('2013/05/21',8398,'筑邦銀行',204,204,204,204,4000);
INSERT INTO "stock" VALUES('2013/05/21',8399,'琉球銀行',1538,1545,1514,1535,155200);
INSERT INTO "stock" VALUES('2013/05/21',8409,'八千代銀行',3800,3800,3670,3720,37600);
INSERT INTO "stock" VALUES('2013/05/21',8410,'セブン銀行',369,369,362,365,6355800);
INSERT INTO "stock" VALUES('2013/05/21',8411,'みずほフィナンシャルグループ',222,223,219,221,278318900);
INSERT INTO "stock" VALUES('2013/05/21',8415,'紀陽ホールディングス',170,171,169,170,1077000);
INSERT INTO "stock" VALUES('2013/05/21',8416,'高知銀行',143,145,142,144,104000);
INSERT INTO "stock" VALUES('2013/05/21',8421,'信金中央金庫',169400,169600,168500,169500,160);
INSERT INTO "stock" VALUES('2013/05/21',8423,'フィデック',31000,33600,30100,30400,13232);
INSERT INTO "stock" VALUES('2013/05/21',8424,'芙蓉総合リース',4500,4500,4155,4165,332500);
INSERT INTO "stock" VALUES('2013/05/21',8425,'興銀リース',3870,3870,3675,3700,173300);
INSERT INTO "stock" VALUES('2013/05/21',8439,'センチュリー・リーシング・システム',3170,3215,3100,3120,222300);
INSERT INTO "stock" VALUES('2013/05/21',8462,'フューチャーベンチャーキャピタル',17580,17580,16700,16940,348);
INSERT INTO "stock" VALUES('2013/05/21',8473,'ソフトバンク・インベストメント',1654,1661,1570,1576,8481900);
INSERT INTO "stock" VALUES('2013/05/21',8508,'イッコー',3180,3185,2941,2990,1020000);
INSERT INTO "stock" VALUES('2013/05/21',8511,'日本証券金融',995,996,953,962,1158900);
INSERT INTO "stock" VALUES('2013/05/21',8512,'大阪証券金融',382,383,372,374,86700);
INSERT INTO "stock" VALUES('2013/05/21',8515,'アイフル',1294,1326,1234,1246,36354650);
INSERT INTO "stock" VALUES('2013/05/21',8518,'日本アジア投資',144,146,140,141,3166000);
INSERT INTO "stock" VALUES('2013/05/21',8519,'ポケットカード',905,905,862,875,317200);
INSERT INTO "stock" VALUES('2013/05/21',8521,'長野銀行',190,190,189,190,59000);
INSERT INTO "stock" VALUES('2013/05/21',8522,'名古屋銀行',430,432,415,417,540000);
INSERT INTO "stock" VALUES('2013/05/21',8527,'愛知銀行',5140,5140,5020,5040,22500);
INSERT INTO "stock" VALUES('2013/05/21',8529,'第三銀行',172,174,172,172,235000);
INSERT INTO "stock" VALUES('2013/05/21',8530,'中京銀行',201,202,199,200,128000);
INSERT INTO "stock" VALUES('2013/05/21',8536,'東日本銀行',247,249,246,247,162000);
INSERT INTO "stock" VALUES('2013/05/21',8537,'大光銀行',258,260,256,258,41000);
INSERT INTO "stock" VALUES('2013/05/21',8540,'福岡中央銀行',308,310,308,310,4000);
INSERT INTO "stock" VALUES('2013/05/21',8541,'愛媛銀行',262,263,261,262,134000);
INSERT INTO "stock" VALUES('2013/05/21',8542,'トマト銀行',191,193,189,191,101000);
INSERT INTO "stock" VALUES('2013/05/21',8543,'みなと銀行',179,181,178,179,195000);
INSERT INTO "stock" VALUES('2013/05/21',8544,'京葉銀行',604,606,592,594,337000);
INSERT INTO "stock" VALUES('2013/05/21',8545,'関西銀行',134,135,132,133,792000);
INSERT INTO "stock" VALUES('2013/05/21',8550,'栃木銀行',403,406,398,402,147000);
INSERT INTO "stock" VALUES('2013/05/21',8551,'北日本銀行',2542,2553,2530,2532,4700);
INSERT INTO "stock" VALUES('2013/05/21',8554,'南日本銀行',160,162,159,162,22000);
INSERT INTO "stock" VALUES('2013/05/21',8558,'東和銀行',114,114,112,112,902000);
INSERT INTO "stock" VALUES('2013/05/21',8559,'豊和銀行',103,103,103,103,4000);
INSERT INTO "stock" VALUES('2013/05/21',8560,'宮崎太陽銀行',207,207,203,203,17000);
INSERT INTO "stock" VALUES('2013/05/21',8562,'福島銀行',89,91,89,90,2606000);
INSERT INTO "stock" VALUES('2013/05/21',8563,'大東銀行',99,101,98,100,943000);
INSERT INTO "stock" VALUES('2013/05/21',8566,'リコーリース',3335,3350,3150,3170,154100);
INSERT INTO "stock" VALUES('2013/05/21',8570,'イオンクレジットサービス',2942,2969,2774,2829,1769600);
INSERT INTO "stock" VALUES('2013/05/21',8572,'アコム',4300,4305,4010,4085,1052430);
INSERT INTO "stock" VALUES('2013/05/21',8584,'ジャックス',647,647,625,627,1826000);
INSERT INTO "stock" VALUES('2013/05/21',8585,'オリエントコーポレーション',398,399,381,381,34884000);
INSERT INTO "stock" VALUES('2013/05/21',8586,'日立キャピタル',2685,2695,2594,2616,431800);
INSERT INTO "stock" VALUES('2013/05/21',8589,'アプラス',224,225,215,220,6033700);
INSERT INTO "stock" VALUES('2013/05/21',8591,'オリックス',1650,1657,1610,1620,11486000);
INSERT INTO "stock" VALUES('2013/05/21',8593,'ダイヤモンドリース',591,592,565,571,5936600);
INSERT INTO "stock" VALUES('2013/05/21',8594,'中道リース',0,0,0,212,0);
INSERT INTO "stock" VALUES('2013/05/21',8595,'ジャフコ',4530,4530,4310,4320,364900);
INSERT INTO "stock" VALUES('2013/05/21',8596,'九州リースサービス',276,276,272,272,4000);
INSERT INTO "stock" VALUES('2013/05/21',8601,'大和證券グループ本社',995,1002,986,996,11139000);
INSERT INTO "stock" VALUES('2013/05/21',8604,'野村ホールディングス',969,971,955,964,69214800);
INSERT INTO "stock" VALUES('2013/05/21',8609,'岡三証券',1110,1111,1055,1056,2072000);
INSERT INTO "stock" VALUES('2013/05/21',8613,'丸三証券',900,900,882,887,353400);
INSERT INTO "stock" VALUES('2013/05/21',8614,'東洋証券',413,413,402,405,888000);
INSERT INTO "stock" VALUES('2013/05/21',8616,'東海東京証券',880,883,869,871,1966800);
INSERT INTO "stock" VALUES('2013/05/21',8617,'光世証券',358,362,347,351,1542000);
INSERT INTO "stock" VALUES('2013/05/21',8622,'水戸証券',564,575,557,561,1225000);
INSERT INTO "stock" VALUES('2013/05/21',8624,'いちよし証券',1566,1566,1513,1520,340800);
INSERT INTO "stock" VALUES('2013/05/21',8625,'高木証券',532,535,518,520,472000);
INSERT INTO "stock" VALUES('2013/05/21',8628,'松井証券',1220,1223,1201,1205,1478400);
INSERT INTO "stock" VALUES('2013/05/21',8634,'J.P.MORGAN CHASE & CO.',5310,5310,5310,5310,120);
INSERT INTO "stock" VALUES('2013/05/21',8648,'バンカメリカ',1385,1388,1365,1373,10020);
INSERT INTO "stock" VALUES('2013/05/21',8682,'モルガン・スタンレー・Ａ‐Ｐ・ファンド',1546,1548,1546,1548,1100);
INSERT INTO "stock" VALUES('2013/05/21',8685,'ＡＩＧ',4605,4660,4600,4605,1918);
INSERT INTO "stock" VALUES('2013/05/21',8686,'アフラック',5650,5700,5610,5700,14350);
INSERT INTO "stock" VALUES('2013/05/21',8692,'だいこう証券ビジネス',760,760,733,737,52700);
INSERT INTO "stock" VALUES('2013/05/21',8697,'大阪証券取引所',11230,11250,10760,10940,433600);
INSERT INTO "stock" VALUES('2013/05/21',8698,'マネックス・ビーンズ・ホールディングス',45300,45500,44200,44250,39010);
INSERT INTO "stock" VALUES('2013/05/21',8699,'エイチ・エス証券',1130,1205,1116,1180,166400);
INSERT INTO "stock" VALUES('2013/05/21',8700,'丸八証券',297,297,290,294,60000);
INSERT INTO "stock" VALUES('2013/05/21',8702,'スターホールディングス',258,273,255,272,38800);
INSERT INTO "stock" VALUES('2013/05/21',8703,'カブドットコム証券',731,732,717,720,1196600);
INSERT INTO "stock" VALUES('2013/05/21',8704,'トレイダーズ証券',7880,7890,7380,7660,3899);
INSERT INTO "stock" VALUES('2013/05/21',8705,'岡藤ホールディングス',224,224,213,216,75400);
INSERT INTO "stock" VALUES('2013/05/21',8706,'極東証券',2193,2199,2136,2150,268900);
INSERT INTO "stock" VALUES('2013/05/21',8707,'岩井証券',1675,1700,1650,1667,223300);
INSERT INTO "stock" VALUES('2013/05/21',8708,'藍澤證券',739,743,723,732,131700);
INSERT INTO "stock" VALUES('2013/05/21',8709,'ＫＯＢＥ証券',1514,1514,1422,1456,30100);
INSERT INTO "stock" VALUES('2013/05/21',8711,'FXプライム',875,875,741,850,109700);
INSERT INTO "stock" VALUES('2013/05/21',8728,'マネースクウェア・ジャパン',486500,486500,430000,436500,1003);
INSERT INTO "stock" VALUES('2013/05/21',8729,'ソニーフィナンシャルホールディングス',1575,1653,1566,1615,1809100);
INSERT INTO "stock" VALUES('2013/05/21',8732,'マネーパートナーズ',31800,33000,30050,33000,6934);
INSERT INTO "stock" VALUES('2013/05/21',8737,'洸陽フューチャーズ',1580,1605,1550,1557,25800);
INSERT INTO "stock" VALUES('2013/05/21',8738,'ひまわりホールディングス',112,112,111,111,800);
INSERT INTO "stock" VALUES('2013/05/21',8739,'スパークス・アセット・マネジメント投信',31550,32800,30950,31000,11926);
INSERT INTO "stock" VALUES('2013/05/21',8740,'フジトミ',242,265,241,258,7500);
INSERT INTO "stock" VALUES('2013/05/21',8742,'小林洋行',285,285,280,281,15300);
INSERT INTO "stock" VALUES('2013/05/21',8746,'第一商品',619,619,603,609,148300);
INSERT INTO "stock" VALUES('2013/05/21',8747,'豊商事',312,319,310,319,8000);
INSERT INTO "stock" VALUES('2013/05/21',8749,'エース交易',318,318,318,318,18900);
INSERT INTO "stock" VALUES('2013/05/21',8766,'ミレアホールディングス',3485,3500,3360,3395,4621200);
INSERT INTO "stock" VALUES('2013/05/21',8767,'ウェブクルー',545,582,544,570,470800);
INSERT INTO "stock" VALUES('2013/05/21',8769,'アドバンテッジリスクマネジメント',32000,32000,30150,30900,1130);
INSERT INTO "stock" VALUES('2013/05/21',8772,'アサックス',199000,202300,185200,188400,1253);
INSERT INTO "stock" VALUES('2013/05/21',8783,'グラウンド・ファイナンシャル・アドバイザリー',332,332,320,320,6200);
INSERT INTO "stock" VALUES('2013/05/21',8787,'UCS',860,868,850,851,1300);
INSERT INTO "stock" VALUES('2013/05/21',8789,'フィンテック　グローバル',4540,4690,4300,4430,7340);
INSERT INTO "stock" VALUES('2013/05/21',8793,'ＮＥＣリース',3420,3440,3170,3235,225300);
INSERT INTO "stock" VALUES('2013/05/21',8795,'Ｔ＆Ｄホールディングス',1409,1440,1401,1425,4501000);
INSERT INTO "stock" VALUES('2013/05/21',8798,'アドバンスクリエイト',1270,1299,1246,1263,7800);
INSERT INTO "stock" VALUES('2013/05/21',8801,'三井不動産',3320,3335,3225,3240,5812000);
INSERT INTO "stock" VALUES('2013/05/21',8802,'三菱地所',2889,2907,2822,2829,7124000);
INSERT INTO "stock" VALUES('2013/05/21',8803,'平和不動産',2329,2330,2241,2243,340600);
INSERT INTO "stock" VALUES('2013/05/21',8804,'東京建物',917,918,895,900,9683000);
INSERT INTO "stock" VALUES('2013/05/21',8806,'ダイビル',1332,1332,1286,1293,281200);
INSERT INTO "stock" VALUES('2013/05/21',8815,'東急不動産',1152,1163,1109,1119,7547000);
INSERT INTO "stock" VALUES('2013/05/21',8818,'京阪神不動産',716,718,700,703,66300);
INSERT INTO "stock" VALUES('2013/05/21',8830,'住友不動産',4635,4680,4500,4525,4260000);
INSERT INTO "stock" VALUES('2013/05/21',8833,'東宝不動産',746,758,744,748,54200);
INSERT INTO "stock" VALUES('2013/05/21',8835,'太平洋興発',124,127,124,126,1018000);
INSERT INTO "stock" VALUES('2013/05/21',8836,'ヒューネット',109,112,106,107,843200);
INSERT INTO "stock" VALUES('2013/05/21',8840,'大京',359,359,350,350,5771000);
INSERT INTO "stock" VALUES('2013/05/21',8841,'テーオーシー',810,810,778,781,130900);
INSERT INTO "stock" VALUES('2013/05/21',8842,'東京楽天地',500,501,491,493,47000);
INSERT INTO "stock" VALUES('2013/05/21',8844,'リクルートコスモス',901,920,885,890,305100);
INSERT INTO "stock" VALUES('2013/05/21',8848,'レオパレス２１',515,522,503,507,3397300);
INSERT INTO "stock" VALUES('2013/05/21',8850,'スターツ',1090,1090,1040,1041,61000);
INSERT INTO "stock" VALUES('2013/05/21',8851,'アーバンライフ',143,144,142,142,19000);
INSERT INTO "stock" VALUES('2013/05/21',8854,'日住サービス',225,225,221,221,20000);
INSERT INTO "stock" VALUES('2013/05/21',8860,'フジ住宅',750,756,739,750,122200);
INSERT INTO "stock" VALUES('2013/05/21',8864,'空港施設',662,662,639,639,144300);
INSERT INTO "stock" VALUES('2013/05/21',8869,'明和地所',566,566,543,547,219800);
INSERT INTO "stock" VALUES('2013/05/21',8870,'住友不動産販売',6240,6260,6070,6080,105440);
INSERT INTO "stock" VALUES('2013/05/21',8871,'ゴールドクレスト',2733,2769,2654,2657,372000);
INSERT INTO "stock" VALUES('2013/05/21',8875,'東栄住宅',1995,1999,1951,1960,152200);
INSERT INTO "stock" VALUES('2013/05/21',8876,'リロ・ホールディング',4730,4845,4670,4785,66300);
INSERT INTO "stock" VALUES('2013/05/21',8877,'日本エスリード',1365,1365,1309,1318,56700);
INSERT INTO "stock" VALUES('2013/05/21',8879,'東急リバブル',2429,2431,2324,2343,244700);
INSERT INTO "stock" VALUES('2013/05/21',8880,'飯田産業',1757,1777,1716,1724,242800);
INSERT INTO "stock" VALUES('2013/05/21',8881,'日神不動産',796,796,750,754,178900);
INSERT INTO "stock" VALUES('2013/05/21',8886,'ウッドフレンズ',248600,254000,248600,250000,10);
INSERT INTO "stock" VALUES('2013/05/21',8887,'リベレステ',75700,75700,73900,75100,1155);
INSERT INTO "stock" VALUES('2013/05/21',8889,'アパマンショップネットワーク',6260,6270,5860,5960,10585);
INSERT INTO "stock" VALUES('2013/05/21',8890,'レーサムリサーチ',217100,221000,200600,202000,14385);
INSERT INTO "stock" VALUES('2013/05/21',8891,'エムジーホーム',105000,105000,103100,104800,17);
INSERT INTO "stock" VALUES('2013/05/21',8892,'日本エスコン',310,319,305,315,689500);
INSERT INTO "stock" VALUES('2013/05/21',8893,'新日本建物',80,80,74,76,3379800);
INSERT INTO "stock" VALUES('2013/05/21',8894,'原弘産',103,105,100,100,357700);
INSERT INTO "stock" VALUES('2013/05/21',8895,'アーネストワン',2123,2128,2059,2076,588100);
INSERT INTO "stock" VALUES('2013/05/21',8897,'タカラレーベン',2085,2111,2005,2013,352100);
INSERT INTO "stock" VALUES('2013/05/21',8898,'センチュリー２１・ジャパン',3770,3770,3720,3720,1200);
INSERT INTO "stock" VALUES('2013/05/21',8903,'サンウッド',979,979,904,904,46100);
INSERT INTO "stock" VALUES('2013/05/21',8904,'サンヨーハウジング名古屋',1397,1397,1356,1374,45100);
INSERT INTO "stock" VALUES('2013/05/21',8905,'イオンモール',3025,3025,2873,2939,502700);
INSERT INTO "stock" VALUES('2013/05/21',8908,'毎日コムネット',755,758,754,754,7900);
INSERT INTO "stock" VALUES('2013/05/21',8909,'シノハラ建設システム',2171,2200,2070,2084,92500);
INSERT INTO "stock" VALUES('2013/05/21',8912,'エリアクエスト',189,189,180,182,171200);
INSERT INTO "stock" VALUES('2013/05/21',8914,'エリアリンク',15800,15850,14350,14350,19819);
INSERT INTO "stock" VALUES('2013/05/21',8915,'タクトホーム',202000,202000,193700,194600,800);
INSERT INTO "stock" VALUES('2013/05/21',8917,'ファースト住建',1600,1600,1539,1552,26900);
INSERT INTO "stock" VALUES('2013/05/21',8918,'ランド',29,30,27,27,24346300);
INSERT INTO "stock" VALUES('2013/05/21',8920,'東祥',1645,1651,1611,1614,21700);
INSERT INTO "stock" VALUES('2013/05/21',8922,'アイディーユー',8210,8300,8000,8160,7942);
INSERT INTO "stock" VALUES('2013/05/21',8923,'東誠不動産',101000,102000,95600,95800,8917);
INSERT INTO "stock" VALUES('2013/05/21',8925,'アルデプロ',498,510,466,478,324370);
INSERT INTO "stock" VALUES('2013/05/21',8927,'明豊エンタープライズ',206,206,195,197,260200);
INSERT INTO "stock" VALUES('2013/05/21',8928,'穴吹興産',451,451,430,445,65000);
INSERT INTO "stock" VALUES('2013/05/21',8929,'船井財産コンサルタンツ',41700,41700,40200,40500,916);
INSERT INTO "stock" VALUES('2013/05/21',8931,'和田興産',876,877,860,860,22700);
INSERT INTO "stock" VALUES('2013/05/21',8933,'エヌ・ティ・ティ都市開発',156300,156300,147500,149400,13768);
INSERT INTO "stock" VALUES('2013/05/21',8934,'サンフロンティア不動産',110100,110100,102800,103600,8089);
INSERT INTO "stock" VALUES('2013/05/21',8935,'エフ・ジェー・ネクスト',1179,1189,1162,1162,21000);
INSERT INTO "stock" VALUES('2013/05/21',8938,'ロジコム',738,738,695,715,21100);
INSERT INTO "stock" VALUES('2013/05/21',8940,'インテリックス',53900,54500,52600,53200,647);
INSERT INTO "stock" VALUES('2013/05/21',8944,'ランドビジネス',643,643,602,603,91700);
INSERT INTO "stock" VALUES('2013/05/21',8945,'日本社宅サービス',605,616,590,593,15700);
INSERT INTO "stock" VALUES('2013/05/21',8946,'陽光都市開発',226,226,205,206,148500);
INSERT INTO "stock" VALUES('2013/05/21',8951,'日本ビルファンド投資法人',1310000,1310000,1250000,1279000,4016);
INSERT INTO "stock" VALUES('2013/05/21',8952,'ジャパンリアルエステイト投資法人',1256000,1260000,1191000,1209000,3457);
INSERT INTO "stock" VALUES('2013/05/21',8975,'ＦＣレジデンシャル投資法人',64700,64700,62900,63200,5592);
INSERT INTO "stock" VALUES('2013/05/21',8976,'ＤＡオフィス投資法人',430000,433000,411000,416500,1701);
INSERT INTO "stock" VALUES('2013/05/21',8977,'阪急リート投資法人',606000,608000,587000,593000,381);
INSERT INTO "stock" VALUES('2013/05/21',8979,'スターツプロシード投資法人',183600,184400,180000,183600,388);
INSERT INTO "stock" VALUES('2013/05/21',8982,'トップリート投資法人',484500,484500,463000,467000,875);
INSERT INTO "stock" VALUES('2013/05/21',8984,'ビ・ライフ投資法人',410000,410500,398000,398000,1224);
INSERT INTO "stock" VALUES('2013/05/21',8995,'誠建設工業',739,739,708,708,2600);
INSERT INTO "stock" VALUES('2013/05/21',8996,'ハウスフリーダム',50300,50400,50300,50300,15);
INSERT INTO "stock" VALUES('2013/05/21',8998,'リビングコーポレーション',511000,511000,461500,474500,165);
INSERT INTO "stock" VALUES('2013/05/21',8999,'グランディハウス',465,468,435,437,358700);
INSERT INTO "stock" VALUES('2013/05/21',9001,'東武鉄道',569,571,561,562,3457000);
INSERT INTO "stock" VALUES('2013/05/21',9003,'相模鉄道',373,374,370,371,855000);
INSERT INTO "stock" VALUES('2013/05/21',9005,'東京急行電鉄',739,740,705,709,6527000);
INSERT INTO "stock" VALUES('2013/05/21',9006,'京浜急行電鉄',1040,1045,1009,1010,1462000);
INSERT INTO "stock" VALUES('2013/05/21',9007,'小田急電鉄',1166,1168,1137,1141,1679000);
INSERT INTO "stock" VALUES('2013/05/21',9008,'京王電鉄',811,813,792,795,1825000);
INSERT INTO "stock" VALUES('2013/05/21',9009,'京成電鉄',984,986,966,976,1100000);
INSERT INTO "stock" VALUES('2013/05/21',9010,'富士急行',1115,1160,1105,1107,608000);
INSERT INTO "stock" VALUES('2013/05/21',9012,'秩父鉄道',192,201,190,198,24000);
INSERT INTO "stock" VALUES('2013/05/21',9014,'新京成電鉄',400,404,397,402,100000);
INSERT INTO "stock" VALUES('2013/05/21',9017,'新潟交通',193,193,190,190,19000);
INSERT INTO "stock" VALUES('2013/05/21',9020,'東日本旅客鉄道',8380,8400,8210,8230,1504100);
INSERT INTO "stock" VALUES('2013/05/21',9021,'西日本旅客鉄道',4690,4710,4650,4660,834000);
INSERT INTO "stock" VALUES('2013/05/21',9022,'東海旅客鉄道',13110,13160,12900,12930,519700);
INSERT INTO "stock" VALUES('2013/05/21',9027,'ロジネットジャパン',306,306,306,306,1000);
INSERT INTO "stock" VALUES('2013/05/21',9028,'ゼロ',375,382,374,379,26000);
INSERT INTO "stock" VALUES('2013/05/21',9029,'ヒガシトゥエンティワン',509,509,504,504,1400);
INSERT INTO "stock" VALUES('2013/05/21',9031,'西日本鉄道',404,405,400,401,291000);
INSERT INTO "stock" VALUES('2013/05/21',9033,'広島電鉄',359,359,357,358,3000);
INSERT INTO "stock" VALUES('2013/05/21',9034,'南総通運',708,708,707,707,2000);
INSERT INTO "stock" VALUES('2013/05/21',9035,'第一交通産業',857,859,855,855,3300);
INSERT INTO "stock" VALUES('2013/05/21',9036,'東部ネットワーク',870,871,869,871,1100);
INSERT INTO "stock" VALUES('2013/05/21',9037,'ハマキョウレックス',4030,4040,3975,4000,21800);
INSERT INTO "stock" VALUES('2013/05/21',9039,'サカイ引越センター',2500,2500,2456,2490,9700);
INSERT INTO "stock" VALUES('2013/05/21',9041,'近畿日本鉄道',493,494,480,482,5554000);
INSERT INTO "stock" VALUES('2013/05/21',9042,'阪急電鉄',608,610,598,599,2743000);
INSERT INTO "stock" VALUES('2013/05/21',9044,'南海電気鉄道',393,394,390,390,413000);
INSERT INTO "stock" VALUES('2013/05/21',9045,'京阪電気鉄道',426,427,421,421,465000);
INSERT INTO "stock" VALUES('2013/05/21',9046,'神戸電鉄',328,329,326,329,23000);
INSERT INTO "stock" VALUES('2013/05/21',9047,'名糖運輸',656,656,647,647,7500);
INSERT INTO "stock" VALUES('2013/05/21',9048,'名古屋鉄道',297,298,292,293,1716000);
INSERT INTO "stock" VALUES('2013/05/21',9049,'京福電気鉄道',172,173,171,173,13000);
INSERT INTO "stock" VALUES('2013/05/21',9051,'センコン物流',0,0,0,645,0);
INSERT INTO "stock" VALUES('2013/05/21',9052,'山陽電気鉄道',369,370,368,369,26000);
INSERT INTO "stock" VALUES('2013/05/21',9055,'アルプス物流',1058,1060,1050,1055,9900);
INSERT INTO "stock" VALUES('2013/05/21',9056,'ヒューテックノオリン',1046,1080,1031,1077,7800);
INSERT INTO "stock" VALUES('2013/05/21',9057,'遠州トラック',0,0,0,827,0);
INSERT INTO "stock" VALUES('2013/05/21',9058,'トランコム',3110,3110,2908,2922,66800);
INSERT INTO "stock" VALUES('2013/05/21',9059,'カンダコーポレーション',455,455,454,454,2200);
INSERT INTO "stock" VALUES('2013/05/21',9060,'日本ロジテム',284,284,284,284,1000);
INSERT INTO "stock" VALUES('2013/05/21',9062,'日本通運',500,501,493,496,4025000);
INSERT INTO "stock" VALUES('2013/05/21',9063,'岡山県貨物運送',171,174,171,174,19000);
INSERT INTO "stock" VALUES('2013/05/21',9064,'ヤマト運輸',2075,2086,2028,2035,1772000);
INSERT INTO "stock" VALUES('2013/05/21',9065,'山九',405,413,400,411,2651000);
INSERT INTO "stock" VALUES('2013/05/21',9066,'日新',288,295,283,292,143000);
INSERT INTO "stock" VALUES('2013/05/21',9067,'丸運',266,267,255,259,338500);
INSERT INTO "stock" VALUES('2013/05/21',9068,'丸全昭和運輸',361,368,354,356,125000);
INSERT INTO "stock" VALUES('2013/05/21',9069,'センコー',548,552,538,538,207000);
INSERT INTO "stock" VALUES('2013/05/21',9070,'トナミ運輸',219,222,218,218,73000);
INSERT INTO "stock" VALUES('2013/05/21',9072,'日本梱包運輸倉庫',1585,1603,1574,1599,222500);
INSERT INTO "stock" VALUES('2013/05/21',9073,'京極運輸商事',384,384,384,384,200);
INSERT INTO "stock" VALUES('2013/05/21',9074,'日本石油輸送',240,249,239,242,159000);
INSERT INTO "stock" VALUES('2013/05/21',9075,'福山通運',563,567,555,555,270000);
INSERT INTO "stock" VALUES('2013/05/21',9076,'西濃運輸',889,890,868,872,574000);
INSERT INTO "stock" VALUES('2013/05/21',9081,'神奈川中央交通',612,612,599,600,32000);
INSERT INTO "stock" VALUES('2013/05/21',9082,'大和自動車交通',465,465,452,452,16000);
INSERT INTO "stock" VALUES('2013/05/21',9083,'神姫バス',605,605,605,605,1000);
INSERT INTO "stock" VALUES('2013/05/21',9085,'北海道中央バス',272,272,270,270,4000);
INSERT INTO "stock" VALUES('2013/05/21',9086,'日立物流',1691,1714,1688,1695,137200);
INSERT INTO "stock" VALUES('2013/05/21',9087,'タカセ',252,252,252,252,1000);
INSERT INTO "stock" VALUES('2013/05/21',9101,'日本郵船',303,310,295,298,62511000);
INSERT INTO "stock" VALUES('2013/05/21',9104,'商船三井',443,461,439,445,39619000);
INSERT INTO "stock" VALUES('2013/05/21',9107,'川崎汽船',231,243,227,237,97172000);
INSERT INTO "stock" VALUES('2013/05/21',9110,'新和海運',181,186,179,180,1112000);
INSERT INTO "stock" VALUES('2013/05/21',9113,'乾汽船',450,456,432,435,706800);
INSERT INTO "stock" VALUES('2013/05/21',9115,'明治海運',505,510,482,483,279400);
INSERT INTO "stock" VALUES('2013/05/21',9119,'飯野海運',676,682,653,654,449800);
INSERT INTO "stock" VALUES('2013/05/21',9127,'玉井商船',121,123,119,120,131000);
INSERT INTO "stock" VALUES('2013/05/21',9130,'共栄タンカー',269,274,258,259,540000);
INSERT INTO "stock" VALUES('2013/05/21',9132,'第一中央汽船',124,129,122,124,4416000);
INSERT INTO "stock" VALUES('2013/05/21',9133,'東栄リーファーライン',263,266,261,266,8000);
INSERT INTO "stock" VALUES('2013/05/21',9171,'栗林商船',266,266,265,265,2000);
INSERT INTO "stock" VALUES('2013/05/21',9173,'東海汽船',182,187,182,187,13000);
INSERT INTO "stock" VALUES('2013/05/21',9176,'佐渡汽船',268,268,265,265,1900);
INSERT INTO "stock" VALUES('2013/05/21',9179,'川崎近海汽船',293,293,291,293,21000);
INSERT INTO "stock" VALUES('2013/05/21',9180,'新和内航海運',470,470,460,460,2000);
INSERT INTO "stock" VALUES('2013/05/21',9193,'東京汽船',0,0,0,539,0);
INSERT INTO "stock" VALUES('2013/05/21',9202,'全日本空輸',219,229,219,223,72912000);
INSERT INTO "stock" VALUES('2013/05/21',9204,'スカイマークエアラインズ',381,382,373,377,861100);
INSERT INTO "stock" VALUES('2013/05/21',9232,'パスコ',417,421,405,405,102000);
INSERT INTO "stock" VALUES('2013/05/21',9233,'アジア航測',304,304,301,301,2000);
INSERT INTO "stock" VALUES('2013/05/21',9301,'三菱倉庫',1778,1779,1738,1758,631000);
INSERT INTO "stock" VALUES('2013/05/21',9302,'三井倉庫',655,672,652,654,1823000);
INSERT INTO "stock" VALUES('2013/05/21',9303,'住友倉庫',649,652,634,638,1078000);
INSERT INTO "stock" VALUES('2013/05/21',9304,'澁澤倉庫',521,525,503,503,260000);
INSERT INTO "stock" VALUES('2013/05/21',9305,'ヤマタネ',204,206,201,203,2324000);
INSERT INTO "stock" VALUES('2013/05/21',9306,'東陽倉庫',291,292,287,290,71000);
INSERT INTO "stock" VALUES('2013/05/21',9307,'杉村倉庫',0,0,0,241,0);
INSERT INTO "stock" VALUES('2013/05/21',9308,'イヌイ建物',795,795,787,789,6100);
INSERT INTO "stock" VALUES('2013/05/21',9310,'日本トランスシティ',373,376,373,374,96000);
INSERT INTO "stock" VALUES('2013/05/21',9311,'アサガミ',0,0,0,379,0);
INSERT INTO "stock" VALUES('2013/05/21',9312,'ケイヒン',185,185,179,181,212000);
INSERT INTO "stock" VALUES('2013/05/21',9313,'丸八倉庫',281,281,275,275,28000);
INSERT INTO "stock" VALUES('2013/05/21',9317,'オーナミ',222,226,222,226,6000);
INSERT INTO "stock" VALUES('2013/05/21',9318,'日本橋倉庫',25,26,23,24,9049800);
INSERT INTO "stock" VALUES('2013/05/21',9319,'中央倉庫',928,929,925,928,19000);
INSERT INTO "stock" VALUES('2013/05/21',9320,'三和倉庫',234,235,230,234,6000);
INSERT INTO "stock" VALUES('2013/05/21',9322,'川西倉庫',625,638,620,638,2000);
INSERT INTO "stock" VALUES('2013/05/21',9324,'安田倉庫',1053,1061,1033,1034,30000);
INSERT INTO "stock" VALUES('2013/05/21',9351,'東洋埠頭',204,204,198,199,100000);
INSERT INTO "stock" VALUES('2013/05/21',9353,'櫻島埠頭',127,132,125,132,10000);
INSERT INTO "stock" VALUES('2013/05/21',9355,'リンコーコーポレーション',154,157,152,157,5000);
INSERT INTO "stock" VALUES('2013/05/21',9358,'宇徳運輸',430,430,411,412,167000);
INSERT INTO "stock" VALUES('2013/05/21',9360,'鈴与シンワート',176,180,175,180,4000);
INSERT INTO "stock" VALUES('2013/05/21',9361,'伏木海陸運送',272,274,271,274,4000);
INSERT INTO "stock" VALUES('2013/05/21',9362,'兵機海運',0,0,0,140,0);
INSERT INTO "stock" VALUES('2013/05/21',9363,'大運',40,41,39,39,104000);
INSERT INTO "stock" VALUES('2013/05/21',9364,'上組',907,907,893,897,566000);
INSERT INTO "stock" VALUES('2013/05/21',9365,'トレーディア',163,163,160,163,6000);
INSERT INTO "stock" VALUES('2013/05/21',9366,'サンリツ',595,595,585,587,23200);
INSERT INTO "stock" VALUES('2013/05/21',9367,'大東港運',230,230,230,230,3000);
INSERT INTO "stock" VALUES('2013/05/21',9368,'キムラユニティー',1010,1010,992,999,4100);
INSERT INTO "stock" VALUES('2013/05/21',9369,'キユーソー流通システム',979,980,975,975,7100);
INSERT INTO "stock" VALUES('2013/05/21',9370,'郵船航空サービス',1071,1080,1060,1064,100200);
INSERT INTO "stock" VALUES('2013/05/21',9373,'ニッコウトラベル',241,250,241,245,11100);
INSERT INTO "stock" VALUES('2013/05/21',9375,'近鉄エクスプレス',3695,3735,3675,3700,44600);
INSERT INTO "stock" VALUES('2013/05/21',9376,'ユーラシア旅行社',70000,70700,68200,70700,38);
INSERT INTO "stock" VALUES('2013/05/21',9377,'エージーピー',374,374,355,355,33000);
INSERT INTO "stock" VALUES('2013/05/21',9378,'ワールド・ロジ',5310,5700,5250,5450,5547);
INSERT INTO "stock" VALUES('2013/05/21',9380,'東海運',273,276,273,273,16100);
INSERT INTO "stock" VALUES('2013/05/21',9381,'エーアイテイー',1490,1490,1403,1404,36900);
INSERT INTO "stock" VALUES('2013/05/21',9384,'内外トランスライン',1480,1480,1470,1476,10900);
INSERT INTO "stock" VALUES('2013/05/21',9385,'ショーエイコーポレーション',295,297,283,283,23300);
INSERT INTO "stock" VALUES('2013/05/21',9399,'ファイナンス・リミテッド',607,677,587,675,47649);
INSERT INTO "stock" VALUES('2013/05/21',9401,'ＴＢＳ',1433,1439,1400,1408,280000);
INSERT INTO "stock" VALUES('2013/05/21',9404,'日本テレビ放送網',1801,1819,1767,1774,462400);
INSERT INTO "stock" VALUES('2013/05/21',9405,'朝日放送',915,915,885,898,40000);
INSERT INTO "stock" VALUES('2013/05/21',9407,'アール・ケー・ビー毎日放送',0,0,0,735,0);
INSERT INTO "stock" VALUES('2013/05/21',9408,'新潟放送',582,610,572,608,18800);
INSERT INTO "stock" VALUES('2013/05/21',9409,'全国朝日放送',2129,2155,2089,2107,160200);
INSERT INTO "stock" VALUES('2013/05/21',9421,'ネプロジャパン',61700,61700,58600,60000,122);
INSERT INTO "stock" VALUES('2013/05/21',9422,'アイ・ティー・シーネットワーク',920,920,907,916,52900);
INSERT INTO "stock" VALUES('2013/05/21',9423,'フリード',4490,4490,4490,4490,811);
INSERT INTO "stock" VALUES('2013/05/21',9424,'日本通信',6840,6910,6610,6670,13401);
INSERT INTO "stock" VALUES('2013/05/21',9425,'日本テレホン',29010,29200,28400,28400,42);
INSERT INTO "stock" VALUES('2013/05/21',9430,'NECモバイリング',5510,5530,5510,5520,118500);
INSERT INTO "stock" VALUES('2013/05/21',9432,'日本電信電話',5340,5380,5190,5260,4733600);
INSERT INTO "stock" VALUES('2013/05/21',9433,'KＤＤＩ',5160,5190,5080,5110,2072100);
INSERT INTO "stock" VALUES('2013/05/21',9435,'光通信',5930,5940,5700,5850,178900);
INSERT INTO "stock" VALUES('2013/05/21',9436,'沖縄セルラー電話',2699,2699,2650,2657,6700);
INSERT INTO "stock" VALUES('2013/05/21',9437,'ＮＴＴドコモ',166000,166100,164700,165200,64810);
INSERT INTO "stock" VALUES('2013/05/21',9438,'エムティーアイ',865,878,856,857,39700);
INSERT INTO "stock" VALUES('2013/05/21',9439,'ビーアイジーグループ',32700,32700,32300,32450,75);
INSERT INTO "stock" VALUES('2013/05/21',9441,'ベルパーク',2929,2929,2873,2876,1900);
INSERT INTO "stock" VALUES('2013/05/21',9444,'トーシン',6370,6390,6330,6350,969);
INSERT INTO "stock" VALUES('2013/05/21',9445,'フォーバルテレコム',36400,36800,35600,35950,268);
INSERT INTO "stock" VALUES('2013/05/21',9446,'エスケーアイ',265,265,263,263,8000);
INSERT INTO "stock" VALUES('2013/05/21',9449,'グローバルメディアオンライン',1284,1285,1203,1221,2925100);
INSERT INTO "stock" VALUES('2013/05/21',9470,'学習研究社',312,314,307,311,386000);
INSERT INTO "stock" VALUES('2013/05/21',9474,'ゼンリン',1215,1217,1194,1197,141700);
INSERT INTO "stock" VALUES('2013/05/21',9475,'昭文社',610,610,603,604,15800);
INSERT INTO "stock" VALUES('2013/05/21',9476,'中央経済社',369,373,369,373,6100);
INSERT INTO "stock" VALUES('2013/05/21',9477,'角川書店',3310,3310,3170,3200,89000);
INSERT INTO "stock" VALUES('2013/05/21',9478,'翔泳社',127,128,124,126,65700);
INSERT INTO "stock" VALUES('2013/05/21',9479,'インプレス',166,171,164,164,240900);
INSERT INTO "stock" VALUES('2013/05/21',9501,'東京電力',810,841,770,815,549781900);
INSERT INTO "stock" VALUES('2013/05/21',9502,'中部電力',1489,1526,1460,1474,6082900);
INSERT INTO "stock" VALUES('2013/05/21',9503,'関西電力',1476,1510,1397,1420,14053100);
INSERT INTO "stock" VALUES('2013/05/21',9504,'中国電力',1556,1595,1527,1549,1704100);
INSERT INTO "stock" VALUES('2013/05/21',9505,'北陸電力',1637,1655,1582,1604,794300);
INSERT INTO "stock" VALUES('2013/05/21',9506,'東北電力',1398,1416,1318,1342,5242600);
INSERT INTO "stock" VALUES('2013/05/21',9507,'四国電力',2074,2111,1987,2001,1625000);
INSERT INTO "stock" VALUES('2013/05/21',9508,'九州電力',1589,1613,1472,1493,6291200);
INSERT INTO "stock" VALUES('2013/05/21',9509,'北海道電力',1429,1465,1367,1393,2577400);
INSERT INTO "stock" VALUES('2013/05/21',9511,'沖縄電力',3800,3820,3665,3725,74900);
INSERT INTO "stock" VALUES('2013/05/21',9513,'電源開発',3745,3770,3505,3665,1337600);
INSERT INTO "stock" VALUES('2013/05/21',9514,'ファーストエスコ',33000,40700,31700,35000,16880);
INSERT INTO "stock" VALUES('2013/05/21',9531,'東京ガス',632,634,621,628,15102000);
INSERT INTO "stock" VALUES('2013/05/21',9532,'大阪ガス',480,480,466,472,9938000);
INSERT INTO "stock" VALUES('2013/05/21',9533,'東邦ガス',634,634,609,616,1872000);
INSERT INTO "stock" VALUES('2013/05/21',9534,'北海道ガス',258,258,256,257,192000);
INSERT INTO "stock" VALUES('2013/05/21',9535,'広島ガス',292,292,289,290,12700);
INSERT INTO "stock" VALUES('2013/05/21',9536,'西部ガス',244,245,242,242,212000);
INSERT INTO "stock" VALUES('2013/05/21',9537,'北陸ガス',254,254,252,254,34000);
INSERT INTO "stock" VALUES('2013/05/21',9539,'京葉瓦斯',461,465,457,465,11000);
INSERT INTO "stock" VALUES('2013/05/21',9541,'大多喜ガス',550,570,550,570,3000);
INSERT INTO "stock" VALUES('2013/05/21',9542,'新日本瓦斯',389,389,381,381,300);
INSERT INTO "stock" VALUES('2013/05/21',9543,'静岡瓦斯',787,787,762,772,93000);
INSERT INTO "stock" VALUES('2013/05/21',9544,'東日本ガス',343,343,340,343,600);
INSERT INTO "stock" VALUES('2013/05/21',9600,'アイネット',774,789,774,785,14800);
INSERT INTO "stock" VALUES('2013/05/21',9601,'松竹',980,982,962,963,345000);
INSERT INTO "stock" VALUES('2013/05/21',9602,'東宝',2113,2120,2042,2065,497000);
INSERT INTO "stock" VALUES('2013/05/21',9603,'エイチ・アイ・エス',4475,4495,4410,4480,143300);
INSERT INTO "stock" VALUES('2013/05/21',9605,'東映',691,692,674,680,391000);
INSERT INTO "stock" VALUES('2013/05/21',9607,'葵プロモーション',709,709,700,706,11400);
INSERT INTO "stock" VALUES('2013/05/21',9608,'福山コンサルタント',410,414,410,414,8000);
INSERT INTO "stock" VALUES('2013/05/21',9610,'ウィルソン・ラーニング　ワールドワイド',640,640,619,640,13600);
INSERT INTO "stock" VALUES('2013/05/21',9612,'ラックランド',660,665,660,660,1000);
INSERT INTO "stock" VALUES('2013/05/21',9613,'ＮＴＴデータ',375000,386000,372000,385000,8375);
INSERT INTO "stock" VALUES('2013/05/21',9616,'共立メンテナンス',3475,3475,3350,3370,47000);
INSERT INTO "stock" VALUES('2013/05/21',9619,'イチネン',732,732,721,724,30000);
INSERT INTO "stock" VALUES('2013/05/21',9621,'建設技術研究所',791,791,773,784,19300);
INSERT INTO "stock" VALUES('2013/05/21',9622,'スペース',923,927,885,925,86800);
INSERT INTO "stock" VALUES('2013/05/21',9624,'長大',348,359,348,356,35500);
INSERT INTO "stock" VALUES('2013/05/21',9625,'セレスポ',0,0,0,269,0);
INSERT INTO "stock" VALUES('2013/05/21',9627,'アインファーマシーズ',4495,4565,4485,4560,68000);
INSERT INTO "stock" VALUES('2013/05/21',9628,'公益社',1445,1449,1440,1442,3900);
INSERT INTO "stock" VALUES('2013/05/21',9629,'ピー・シー・エー',1075,1085,1073,1073,2000);
INSERT INTO "stock" VALUES('2013/05/21',9631,'東急レクリエーション',583,586,583,583,17000);
INSERT INTO "stock" VALUES('2013/05/21',9632,'スバル興業',338,345,337,338,42000);
INSERT INTO "stock" VALUES('2013/05/21',9633,'東京テアトル',176,176,171,173,972000);
INSERT INTO "stock" VALUES('2013/05/21',9635,'武蔵野興業',182,182,180,180,10000);
INSERT INTO "stock" VALUES('2013/05/21',9636,'きんえい',247,248,246,248,14000);
INSERT INTO "stock" VALUES('2013/05/21',9637,'オーエス',515,515,512,512,2000);
INSERT INTO "stock" VALUES('2013/05/21',9638,'情報技術開発',742,748,741,741,2800);
INSERT INTO "stock" VALUES('2013/05/21',9639,'三協フロンテア',772,777,769,777,18000);
INSERT INTO "stock" VALUES('2013/05/21',9640,'セゾン情報システムズ',1218,1218,1196,1217,1900);
INSERT INTO "stock" VALUES('2013/05/21',9641,'サコス',316,319,311,314,15800);
INSERT INTO "stock" VALUES('2013/05/21',9644,'タナベ経営',701,701,697,697,4400);
INSERT INTO "stock" VALUES('2013/05/21',9647,'協和コンサルタンツ',169,170,166,170,5000);
INSERT INTO "stock" VALUES('2013/05/21',9648,'ウエスコ',240,241,238,238,14200);
INSERT INTO "stock" VALUES('2013/05/21',9651,'日本プロセス',970,971,965,965,1600);
INSERT INTO "stock" VALUES('2013/05/21',9656,'三井グリーンランド',357,358,356,357,5000);
INSERT INTO "stock" VALUES('2013/05/21',9657,'コムテック',776,776,708,727,2800);
INSERT INTO "stock" VALUES('2013/05/21',9658,'ビジネスブレイン太田昭和',645,651,645,649,1200);
INSERT INTO "stock" VALUES('2013/05/21',9661,'歌舞伎座',4960,4960,4960,4960,1000);
INSERT INTO "stock" VALUES('2013/05/21',9663,'ナガワ',1695,1700,1673,1699,1700);
INSERT INTO "stock" VALUES('2013/05/21',9671,'よみうりランド',911,926,871,894,799000);
INSERT INTO "stock" VALUES('2013/05/21',9672,'東京都競馬',435,443,415,420,4130000);
INSERT INTO "stock" VALUES('2013/05/21',9674,'花月園観光',94,94,93,93,14000);
INSERT INTO "stock" VALUES('2013/05/21',9675,'常磐興産',203,203,199,200,247000);
INSERT INTO "stock" VALUES('2013/05/21',9678,'カナモト',2710,2734,2651,2701,286000);
INSERT INTO "stock" VALUES('2013/05/21',9679,'ホウライ',263,271,263,263,5000);
INSERT INTO "stock" VALUES('2013/05/21',9680,'共成レンテム',930,930,900,900,7000);
INSERT INTO "stock" VALUES('2013/05/21',9681,'東京ドーム',695,699,671,676,1645000);
INSERT INTO "stock" VALUES('2013/05/21',9682,'データ通信システム',1649,1649,1600,1634,170800);
INSERT INTO "stock" VALUES('2013/05/21',9684,'スクウェア・エニックス',1389,1449,1375,1429,1715600);
INSERT INTO "stock" VALUES('2013/05/21',9685,'共同コンピュータ',0,0,0,219,0);
INSERT INTO "stock" VALUES('2013/05/21',9686,'東洋テック',1079,1080,1079,1079,300);
INSERT INTO "stock" VALUES('2013/05/21',9687,'国際システム',720,730,711,713,5400);
INSERT INTO "stock" VALUES('2013/05/21',9691,'両毛システムズ',768,768,768,768,1500);
INSERT INTO "stock" VALUES('2013/05/21',9692,'シーイーシー',693,698,687,689,24300);
INSERT INTO "stock" VALUES('2013/05/21',9695,'鴨川グランドホテル',187,188,187,188,2000);
INSERT INTO "stock" VALUES('2013/05/21',9696,'学育舎',327,329,327,329,4000);
INSERT INTO "stock" VALUES('2013/05/21',9697,'カプコン',1770,1825,1760,1820,485800);
INSERT INTO "stock" VALUES('2013/05/21',9698,'クレオ',356,356,353,353,3000);
INSERT INTO "stock" VALUES('2013/05/21',9699,'西尾レントオール',2328,2349,2238,2261,144400);
INSERT INTO "stock" VALUES('2013/05/21',9701,'東京會舘',408,410,407,407,12000);
INSERT INTO "stock" VALUES('2013/05/21',9702,'アイ・エス・ビー',690,693,690,693,2500);
INSERT INTO "stock" VALUES('2013/05/21',9704,'東海観光',55,55,52,52,1452000);
INSERT INTO "stock" VALUES('2013/05/21',9706,'日本空港ビルデング',1490,1491,1450,1461,177000);
INSERT INTO "stock" VALUES('2013/05/21',9707,'メデカジャパン',1848,1888,1775,1798,83800);
INSERT INTO "stock" VALUES('2013/05/21',9708,'帝国ホテル',3870,3875,3845,3850,6100);
INSERT INTO "stock" VALUES('2013/05/21',9709,'日本コンピューター・システム',247,250,243,243,2100);
INSERT INTO "stock" VALUES('2013/05/21',9713,'ロイヤルホテル',160,164,158,159,74000);
INSERT INTO "stock" VALUES('2013/05/21',9715,'トランス・コスモス',1649,1660,1629,1630,76600);
INSERT INTO "stock" VALUES('2013/05/21',9716,'乃村工藝社',664,665,650,660,119000);
INSERT INTO "stock" VALUES('2013/05/21',9717,'ジャステック',724,733,719,724,30600);
INSERT INTO "stock" VALUES('2013/05/21',9719,'住商情報システム',2251,2255,2203,2243,374200);
INSERT INTO "stock" VALUES('2013/05/21',9720,'ホテル、ニューグランド',0,0,0,630,0);
INSERT INTO "stock" VALUES('2013/05/21',9722,'藤田観光',491,493,472,473,344000);
INSERT INTO "stock" VALUES('2013/05/21',9723,'京都ホテル',419,420,419,420,4000);
INSERT INTO "stock" VALUES('2013/05/21',9726,'近畿日本ツーリスト',146,146,143,144,1089000);
INSERT INTO "stock" VALUES('2013/05/21',9728,'日本管財',1607,1609,1598,1602,10300);
INSERT INTO "stock" VALUES('2013/05/21',9731,'白洋舎',234,234,231,232,22000);
INSERT INTO "stock" VALUES('2013/05/21',9733,'ナガセ',0,0,0,2700,0);
INSERT INTO "stock" VALUES('2013/05/21',9734,'精養軒',960,1000,948,950,8200);
INSERT INTO "stock" VALUES('2013/05/21',9735,'セコム',5500,5590,5490,5580,690300);
INSERT INTO "stock" VALUES('2013/05/21',9736,'白青舎',320,320,320,320,2000);
INSERT INTO "stock" VALUES('2013/05/21',9739,'ＮＳＷ',487,491,481,482,27500);
INSERT INTO "stock" VALUES('2013/05/21',9740,'ＣＳＰ',927,928,921,922,4900);
INSERT INTO "stock" VALUES('2013/05/21',9742,'アイネス',818,827,803,811,220500);
INSERT INTO "stock" VALUES('2013/05/21',9743,'丹青社',443,470,443,462,161000);
INSERT INTO "stock" VALUES('2013/05/21',9744,'メイテック',2459,2487,2425,2454,119000);
INSERT INTO "stock" VALUES('2013/05/21',9746,'ＴＫＣ',1733,1733,1715,1717,20500);
INSERT INTO "stock" VALUES('2013/05/21',9747,'アサツー　ディ・ケイ',2665,2732,2656,2707,95300);
INSERT INTO "stock" VALUES('2013/05/21',9748,'ＮＪＫ',371,378,370,378,15300);
INSERT INTO "stock" VALUES('2013/05/21',9749,'富士ソフト',2390,2416,2350,2360,151500);
INSERT INTO "stock" VALUES('2013/05/21',9753,'アイエックス・ナレッジ',205,210,205,205,6000);
INSERT INTO "stock" VALUES('2013/05/21',9755,'応用地質',2002,2003,1910,1925,118800);
INSERT INTO "stock" VALUES('2013/05/21',9757,'船井総合研究所',808,808,800,800,26800);
INSERT INTO "stock" VALUES('2013/05/21',9758,'ジャパンシステム',445,446,420,421,143000);
INSERT INTO "stock" VALUES('2013/05/21',9759,'日本システムディベロップメント',1141,1145,1123,1127,226900);
INSERT INTO "stock" VALUES('2013/05/21',9760,'進学会',392,394,388,390,30000);
INSERT INTO "stock" VALUES('2013/05/21',9761,'東海リース',198,200,196,197,129000);
INSERT INTO "stock" VALUES('2013/05/21',9763,'丸紅建材リース',218,218,212,213,132000);
INSERT INTO "stock" VALUES('2013/05/21',9764,'技研興業',173,174,171,173,83000);
INSERT INTO "stock" VALUES('2013/05/21',9765,'オオバ',227,228,227,228,46000);
INSERT INTO "stock" VALUES('2013/05/21',9766,'コナミ',2613,2892,2611,2855,2793000);
INSERT INTO "stock" VALUES('2013/05/21',9767,'日建工学',175,175,171,172,192000);
INSERT INTO "stock" VALUES('2013/05/21',9768,'国土環境',900,900,868,874,28000);
INSERT INTO "stock" VALUES('2013/05/21',9769,'学究社',2080,2080,1972,2019,18100);
INSERT INTO "stock" VALUES('2013/05/21',9776,'札幌臨床検査センター',1140,1141,1106,1107,2600);
INSERT INTO "stock" VALUES('2013/05/21',9778,'昴',0,0,0,330,0);
INSERT INTO "stock" VALUES('2013/05/21',9780,'ハリマビステム',360,360,360,360,7000);
INSERT INTO "stock" VALUES('2013/05/21',9782,'ディーエムエス',799,802,765,765,11400);
INSERT INTO "stock" VALUES('2013/05/21',9783,'ベネッセコーポレーション',3810,3850,3800,3830,381300);
INSERT INTO "stock" VALUES('2013/05/21',9787,'ジャパンメンテナンス',2073,2085,2037,2051,176500);
INSERT INTO "stock" VALUES('2013/05/21',9788,'ナック',2300,2373,2255,2318,149300);
INSERT INTO "stock" VALUES('2013/05/21',9790,'福井コンピュータ',700,704,687,693,7500);
INSERT INTO "stock" VALUES('2013/05/21',9791,'ビケンテクノ',693,697,688,688,2300);
INSERT INTO "stock" VALUES('2013/05/21',9792,'ニチイ学館',963,964,944,947,385600);
INSERT INTO "stock" VALUES('2013/05/21',9793,'ダイセキ',1892,1914,1871,1912,215600);
INSERT INTO "stock" VALUES('2013/05/21',9795,'ステップ',900,916,893,896,32600);
INSERT INTO "stock" VALUES('2013/05/21',9797,'大日本コンサルタント',281,282,279,279,29300);
INSERT INTO "stock" VALUES('2013/05/21',9799,'旭情報サービス',825,825,822,824,6000);
INSERT INTO "stock" VALUES('2013/05/21',9810,'日鐵商事',302,319,300,318,646000);
INSERT INTO "stock" VALUES('2013/05/21',9812,'テーオー小笠原',770,770,768,768,1300);
INSERT INTO "stock" VALUES('2013/05/21',9814,'アシックス商事',1859,1859,1830,1830,400);
INSERT INTO "stock" VALUES('2013/05/21',9816,'バーテックス　リンク',27,28,26,27,2076000);
INSERT INTO "stock" VALUES('2013/05/21',9818,'大丸エナウィン',0,0,0,729,0);
INSERT INTO "stock" VALUES('2013/05/21',9819,'スーパー大栄',0,0,0,156,0);
INSERT INTO "stock" VALUES('2013/05/21',9820,'コグレ',160,165,160,160,11000);
INSERT INTO "stock" VALUES('2013/05/21',9822,'なが多',19,20,18,19,1621200);
INSERT INTO "stock" VALUES('2013/05/21',9823,'マミーマート',1640,1640,1635,1635,2100);
INSERT INTO "stock" VALUES('2013/05/21',9824,'泉州電業',1400,1410,1382,1397,8900);
INSERT INTO "stock" VALUES('2013/05/21',9826,'ＪＥＵＧＩＡ',147,150,135,140,14000);
INSERT INTO "stock" VALUES('2013/05/21',9827,'リリカラ',116,116,113,113,28000);
INSERT INTO "stock" VALUES('2013/05/21',9828,'元気寿司',1255,1257,1253,1253,4200);
INSERT INTO "stock" VALUES('2013/05/21',9829,'ながの東急百貨店',0,0,0,209,0);
INSERT INTO "stock" VALUES('2013/05/21',9830,'トラスコ中山',2300,2300,2254,2275,60900);
INSERT INTO "stock" VALUES('2013/05/21',9831,'ヤマダ電機',4525,4525,4420,4470,822920);
INSERT INTO "stock" VALUES('2013/05/21',9832,'オートバックスセブン',1666,1673,1639,1661,148600);
INSERT INTO "stock" VALUES('2013/05/21',9835,'ジュンテンドー',131,133,130,133,15000);
INSERT INTO "stock" VALUES('2013/05/21',9836,'リーバイ・ストラウス　ジャパン',229,229,225,226,13000);
INSERT INTO "stock" VALUES('2013/05/21',9837,'モリト',830,830,829,830,2400);
INSERT INTO "stock" VALUES('2013/05/21',9842,'アークランドサカモト',2026,2052,1992,2026,38300);
INSERT INTO "stock" VALUES('2013/05/21',9843,'ニトリ',8260,8440,8180,8440,182050);
INSERT INTO "stock" VALUES('2013/05/21',9845,'パーカーコーポレーション',256,259,250,255,139000);
INSERT INTO "stock" VALUES('2013/05/21',9846,'天満屋ストア',904,904,890,890,400);
INSERT INTO "stock" VALUES('2013/05/21',9849,'河内屋紙',240,240,236,236,3000);
INSERT INTO "stock" VALUES('2013/05/21',9850,'グルメ杵屋',691,694,687,690,13000);
INSERT INTO "stock" VALUES('2013/05/21',9852,'中央物産',459,459,459,459,2000);
INSERT INTO "stock" VALUES('2013/05/21',9853,'銀座ルノアール',0,0,0,573,0);
INSERT INTO "stock" VALUES('2013/05/21',9854,'愛眼',307,311,307,308,13600);
INSERT INTO "stock" VALUES('2013/05/21',9855,'くろがねや',385,385,382,383,17800);
INSERT INTO "stock" VALUES('2013/05/21',9856,'ケーユー',902,918,902,914,5500);
INSERT INTO "stock" VALUES('2013/05/21',9857,'英和',424,424,417,417,1300);
INSERT INTO "stock" VALUES('2013/05/21',9861,'吉野家ディー・アンド・シー',115400,115700,114800,114800,1257);
INSERT INTO "stock" VALUES('2013/05/21',9866,'マルキョウ',555,555,553,554,8000);
INSERT INTO "stock" VALUES('2013/05/21',9867,'ソレキア',163,164,163,163,13000);
INSERT INTO "stock" VALUES('2013/05/21',9869,'加藤産業',2158,2174,2146,2154,56000);
INSERT INTO "stock" VALUES('2013/05/21',9870,'ハナテン',470,470,456,462,77100);
INSERT INTO "stock" VALUES('2013/05/21',9872,'北恵',428,428,428,428,5000);
INSERT INTO "stock" VALUES('2013/05/21',9873,'日本ケンタッキー・フライド・チキン',2155,2155,2150,2154,4000);
INSERT INTO "stock" VALUES('2013/05/21',9876,'コックス',209,210,208,209,10600);
INSERT INTO "stock" VALUES('2013/05/21',9878,'セキド',115,120,115,119,16000);
INSERT INTO "stock" VALUES('2013/05/21',9880,'イノテック',521,533,517,528,152200);
INSERT INTO "stock" VALUES('2013/05/21',9882,'イエローハット',2016,2024,2005,2020,58300);
INSERT INTO "stock" VALUES('2013/05/21',9883,'富士エレクトロニクス',1333,1350,1320,1343,21900);
INSERT INTO "stock" VALUES('2013/05/21',9885,'シャルレ',583,583,569,570,34100);
INSERT INTO "stock" VALUES('2013/05/21',9887,'松屋フーズ',1584,1584,1571,1574,23300);
INSERT INTO "stock" VALUES('2013/05/21',9888,'ＵＥＸ',299,339,294,339,139700);
INSERT INTO "stock" VALUES('2013/05/21',9889,'日本ビジネスコンピューター',1301,1340,1234,1251,195500);
INSERT INTO "stock" VALUES('2013/05/21',9890,'マキヤ',445,445,442,442,500);
INSERT INTO "stock" VALUES('2013/05/21',9892,'卑弥呼',1131,1140,1131,1132,3800);
INSERT INTO "stock" VALUES('2013/05/21',9895,'コンセック',119,119,116,119,43000);
INSERT INTO "stock" VALUES('2013/05/21',9896,'ジャパン建材',626,632,624,624,26700);
INSERT INTO "stock" VALUES('2013/05/21',9898,'サハダイヤモンド',37,38,33,34,18589100);
INSERT INTO "stock" VALUES('2013/05/21',9899,'サンデーサン',720,730,720,726,13100);
INSERT INTO "stock" VALUES('2013/05/21',9900,'サガミチェーン',804,805,801,804,32000);
INSERT INTO "stock" VALUES('2013/05/21',9902,'日伝',2331,2355,2305,2305,15300);
INSERT INTO "stock" VALUES('2013/05/21',9903,'カンセキ',0,0,0,165,0);
INSERT INTO "stock" VALUES('2013/05/21',9904,'ジュエル　ベリテ　オオクボ',105,105,103,104,66000);
INSERT INTO "stock" VALUES('2013/05/21',9906,'藤井産業',799,811,786,803,22000);
INSERT INTO "stock" VALUES('2013/05/21',9908,'日本電計',1074,1075,1047,1055,9300);
INSERT INTO "stock" VALUES('2013/05/21',9909,'愛光電気',267,267,267,267,6000);
INSERT INTO "stock" VALUES('2013/05/21',9913,'日邦産業',585,591,582,582,7300);
INSERT INTO "stock" VALUES('2013/05/21',9914,'植松商会',0,0,0,289,0);
INSERT INTO "stock" VALUES('2013/05/21',9919,'関西スーパーマーケット',796,798,795,797,1600);
INSERT INTO "stock" VALUES('2013/05/21',9922,'日立機材',735,746,720,746,11200);
INSERT INTO "stock" VALUES('2013/05/21',9927,'ワットマン',95,97,95,97,37000);
INSERT INTO "stock" VALUES('2013/05/21',9928,'ミロク情報サービス',379,380,376,379,34000);
INSERT INTO "stock" VALUES('2013/05/21',9929,'平和紙業',276,276,275,275,3000);
INSERT INTO "stock" VALUES('2013/05/21',9930,'北沢産業',195,196,193,196,47000);
INSERT INTO "stock" VALUES('2013/05/21',9931,'家族亭',785,785,783,785,700);
INSERT INTO "stock" VALUES('2013/05/21',9932,'杉本商事',931,943,924,938,8700);
INSERT INTO "stock" VALUES('2013/05/21',9934,'因幡電機産業',3200,3200,3130,3150,38900);
INSERT INTO "stock" VALUES('2013/05/21',9936,'王将フードサービス',2881,2899,2881,2885,13900);
INSERT INTO "stock" VALUES('2013/05/21',9938,'住金物産',323,342,322,341,978000);
INSERT INTO "stock" VALUES('2013/05/21',9941,'太洋物産',98,101,98,101,7000);
INSERT INTO "stock" VALUES('2013/05/21',9942,'ジョイフル',1016,1020,1010,1010,8500);
INSERT INTO "stock" VALUES('2013/05/21',9943,'ココスジャパン',1635,1637,1632,1633,15100);
INSERT INTO "stock" VALUES('2013/05/21',9945,'プレナス',1701,1715,1696,1698,81600);
INSERT INTO "stock" VALUES('2013/05/21',9946,'ミニストップ',1717,1728,1703,1724,60200);
INSERT INTO "stock" VALUES('2013/05/21',9948,'アークス',1926,1956,1919,1949,82400);
INSERT INTO "stock" VALUES('2013/05/21',9949,'タイヨー',0,0,0,900,0);
INSERT INTO "stock" VALUES('2013/05/21',9950,'ハチバン',352,352,352,352,2000);
INSERT INTO "stock" VALUES('2013/05/21',9955,'ヨンキュウ',1235,1235,1198,1215,21800);
INSERT INTO "stock" VALUES('2013/05/21',9956,'バロー',1907,1922,1889,1911,218600);
INSERT INTO "stock" VALUES('2013/05/21',9957,'バイテック',792,815,780,813,44900);
INSERT INTO "stock" VALUES('2013/05/21',9959,'アシード',888,888,888,888,100);
INSERT INTO "stock" VALUES('2013/05/21',9960,'東テク',675,700,675,695,78600);
INSERT INTO "stock" VALUES('2013/05/21',9962,'ミスミ',2969,3005,2950,2996,329200);
INSERT INTO "stock" VALUES('2013/05/21',9963,'江守商事',1545,1550,1501,1523,50800);
INSERT INTO "stock" VALUES('2013/05/21',9964,'アイ・テック',1300,1300,1206,1207,13300);
INSERT INTO "stock" VALUES('2013/05/21',9966,'藤久',1452,1452,1450,1451,800);
INSERT INTO "stock" VALUES('2013/05/21',9967,'堺商事',312,312,297,297,6000);
INSERT INTO "stock" VALUES('2013/05/21',9969,'ショクブン',473,473,472,472,3000);
INSERT INTO "stock" VALUES('2013/05/21',9972,'アルテック',293,298,282,288,675600);
INSERT INTO "stock" VALUES('2013/05/21',9973,'小僧寿し本部',347,355,336,344,361700);
INSERT INTO "stock" VALUES('2013/05/21',9974,'ベルク',1870,1870,1832,1861,21200);
INSERT INTO "stock" VALUES('2013/05/21',9975,'マルヤ',183,185,178,180,2600);
INSERT INTO "stock" VALUES('2013/05/21',9976,'セキチュー',453,453,448,448,7000);
INSERT INTO "stock" VALUES('2013/05/21',9977,'アオキスーパー',854,854,846,846,4000);
INSERT INTO "stock" VALUES('2013/05/21',9978,'文教堂',203,204,202,203,1300);
INSERT INTO "stock" VALUES('2013/05/21',9980,'マルコ',194,195,193,193,31500);
INSERT INTO "stock" VALUES('2013/05/21',9982,'タキヒヨー',442,444,440,443,14000);
INSERT INTO "stock" VALUES('2013/05/21',9983,'ファーストリテイリング',38700,38950,38250,38550,416000);
INSERT INTO "stock" VALUES('2013/05/21',9984,'ソフトバンク',6010,6080,5820,5850,8847000);
INSERT INTO "stock" VALUES('2013/05/21',9986,'蔵王産業',1128,1130,1110,1110,8000);
INSERT INTO "stock" VALUES('2013/05/21',9987,'スズケン',3575,3605,3525,3585,168400);
INSERT INTO "stock" VALUES('2013/05/21',9989,'サンドラッグ',4390,4425,4345,4415,110500);
INSERT INTO "stock" VALUES('2013/05/21',9990,'東京デリカ',1522,1532,1481,1501,163100);
INSERT INTO "stock" VALUES('2013/05/21',9991,'川商ジェコス',773,775,757,759,144000);
INSERT INTO "stock" VALUES('2013/05/21',9992,'理研グリーン',302,302,301,302,4000);
INSERT INTO "stock" VALUES('2013/05/21',9993,'ヤマザワ',1611,1611,1595,1603,2700);
INSERT INTO "stock" VALUES('2013/05/21',9994,'やまや',1623,1634,1611,1623,9600);
INSERT INTO "stock" VALUES('2013/05/21',9995,'イーストンエレクトロニクス',358,358,349,354,13200);
INSERT INTO "stock" VALUES('2013/05/21',9996,'サトー商会',928,935,928,935,300);
INSERT INTO "stock" VALUES('2013/05/21',9997,'ベルーナ',1215,1215,1168,1180,51950);

CREATE TABLE team (
	id varchar,
	name varchar,
	city varchar,
	pict varchar
);

INSERT INTO "team" VALUES('1','巨人','東京','yg.jpg');
INSERT INTO "team" VALUES('2','阪神','大阪','tig.jpg');
INSERT INTO "team" VALUES('3','日ハム','札幌','ham.jpg');
INSERT INTO "team" VALUES('4','西武','所沢','lion.jpg');

CREATE TABLE player (
	team varchar,
	num varchar,
	name varchar,
	pict varchar
);

INSERT INTO "player" VALUES('1','10','阿部','abe.jpg');
INSERT INTO "player" VALUES('1','6','坂本','hayato.jpg');
INSERT INTO "player" VALUES('1','26','内海','utsumi.jpg');
INSERT INTO "player" VALUES('1','7','長野','chono.jpg');

CREATE TABLE city (
	id varchar,
	name varchar
);

INSERT INTO "city" VALUES('1','東京');
INSERT INTO "city" VALUES('2','大阪');
INSERT INTO "city" VALUES('3','名古屋');

CREATE TABLE person (
	id varchar,
	name varchar,
	height varchar,city varchar
);

INSERT INTO "person" VALUES('1','田中','145','1');
INSERT INTO "person" VALUES('2','佐藤','151','1');
INSERT INTO "person" VALUES('3','伊藤','151','1');
INSERT INTO "person" VALUES('4','鈴木','120','1');
INSERT INTO "person" VALUES('5','加藤','172','1');
INSERT INTO "person" VALUES('6','近藤','160','2');
INSERT INTO "person" VALUES('7','高橋','160','2');
INSERT INTO "person" VALUES('8','渡辺','161','2');
INSERT INTO "person" VALUES('9','吉田','110','3');
INSERT INTO "person" VALUES('10','岡田','111','3');
INSERT INTO "person" VALUES('11','木村','111','3');
INSERT INTO "person" VALUES('12','石川','111','3');
INSERT INTO "person" VALUES('13','石井','112','3');
INSERT INTO "person" VALUES('14','福田','100','3');

CREATE TABLE student_score (
	sid integer,
	grade integer,
	name varchar,
	math integer,
	english integer,
	japanese integer
);

INSERT INTO "student_score" VALUES(1,1,'Harry',95,92,90);
INSERT INTO "student_score" VALUES(2,1,'Ron',42,35,41);
INSERT INTO "student_score" VALUES(3,1,'Hermione',52,95,53);
INSERT INTO "student_score" VALUES(4,1,'Fled',83,11,12);
INSERT INTO "student_score" VALUES(5,1,'Geoge',46,94,38);
INSERT INTO "student_score" VALUES(6,1,'Tom',55,25,73);
INSERT INTO "student_score" VALUES(7,1,'Horntail',17,52,72);
INSERT INTO "student_score" VALUES(8,1,'Grim',94,91,94);
INSERT INTO "student_score" VALUES(9,1,'Dippet',23,22,18);
INSERT INTO "student_score" VALUES(10,1,'Kreacher',43,61,48);
INSERT INTO "student_score" VALUES(11,1,'Florver',58,17,96);
INSERT INTO "student_score" VALUES(12,1,'Hermes',27,47,60);
INSERT INTO "student_score" VALUES(13,1,'Pomfly',55,57,60);
INSERT INTO "student_score" VALUES(14,1,'Padma',44,55,99);
INSERT INTO "student_score" VALUES(15,1,'Fang',3,37,22);
INSERT INTO "student_score" VALUES(16,1,'Hagrid',6,31,6);
INSERT INTO "student_score" VALUES(17,1,'Wood',46,92,33);
INSERT INTO "student_score" VALUES(18,1,'Vector',78,77,76);
INSERT INTO "student_score" VALUES(19,1,'Mosag',27,47,44);
INSERT INTO "student_score" VALUES(20,1,'Dnmbledore',9,6,7);
INSERT INTO "student_score" VALUES(21,1,'Molly',62,21,21);
INSERT INTO "student_score" VALUES(22,1,'Slughorn',33,59,28);
INSERT INTO "student_score" VALUES(23,1,'Tomas',14,97,95);
INSERT INTO "student_score" VALUES(24,1,'Crabbe',33,42,29);
INSERT INTO "student_score" VALUES(25,1,'Manticore',91,83,52);
INSERT INTO "student_score" VALUES(26,1,'Shacklebolt',55,26,99);
INSERT INTO "student_score" VALUES(27,1,'Dementor',26,57,72);
INSERT INTO "student_score" VALUES(28,1,'Dudley',48,41,63);
INSERT INTO "student_score" VALUES(29,1,'Buckbeak',68,31,83);
INSERT INTO "student_score" VALUES(30,1,'Tonks',10,63,93);
INSERT INTO "student_score" VALUES(31,2,'Rosmerta',100,46,95);
INSERT INTO "student_score" VALUES(32,2,'McLaggen',10,57,92);
INSERT INTO "student_score" VALUES(33,2,'Peeves',12,57,53);
INSERT INTO "student_score" VALUES(34,2,'Binky',22,72,23);
INSERT INTO "student_score" VALUES(35,2,'Patil',55,17,9);
INSERT INTO "student_score" VALUES(36,2,'Werewolf',10,79,89);
INSERT INTO "student_score" VALUES(37,3,'Ptolemy',10,19,29);
INSERT INTO "student_score" VALUES(38,3,'Vernon',50,49,39);
INSERT INTO "student_score" VALUES(39,3,'Dean',60,69,78);
INSERT INTO "student_score" VALUES(40,3,'Dobby',84,27,63);
INSERT INTO "student_score" VALUES(41,3,'Digle',84,69,22);
INSERT INTO "student_score" VALUES(42,3,'Fluffy',82,58,44);
COMMIT;
